,原型
1,*
2,*
8,*
9,*
10,人工
11,知能
12,人工
13,知能
14,人工
15,知能
16,人工
17,知能
18,人工
19,知能
20,人工
21,知能
22,人工
23,知能
24,人工
25,知能
26,システム
28,様々
30,要素
31,技術
33,用いる
35,構築
41,講義
45,まず
46,簡単
48,問題
52,定式
53,化
57,基づく
58,探索
60,方法
62,学ぶ
67,知識
69,明示
70,的
72,表現
76,表現
78,もと
80,推論
83,方法
85,学ぶ
88,効率
89,的
91,推論
93,ため
95,計画
96,作成
98,方法
100,習得
104,最後
107,コンピュータ
109,知識
111,自動
112,獲得
115,ため
117,機械
118,学習
120,手法
122,学ぶ
126,到達
127,目標
130,情報
131,社会
133,人間
135,知的
136,生産
137,作業
139,補助
141,人工
142,知能
143,システム
145,必要
146,性
148,理解
152,構築
154,際
156,基本
158,なる
159,要素
160,技術
162,身に付ける
165,到達
166,目標
171,特に
172,人間
174,知的
175,生産
176,作業
178,プロセス
180,表現
182,方法
185,表現
187,用いる
189,推論
191,方法
193,習得
197,目標
203,テーマ
206,講義
210,人工
211,知能
212,システム
214,構築
216,上
218,必要
221,探索
223,知識
224,表現
226,推論
228,計画
229,作成
231,機械
232,学習
234,各々
236,分野
238,基本
239,的
241,考え方
243,理解
249,世界
251,応用
253,ため
255,必要
257,基礎
259,築く
262,目的
267,状態
268,空間
269,表現
270,状態
271,空間
272,表現
273,状態
274,空間
275,表現
276,状態
277,空間
278,表現
279,状態
280,空間
281,表現
282,グラフ
283,サーチ
284,*
285,発見
286,的
287,探索
288,発見
289,的
290,探索
291,発見
292,的
293,探索
294,発見
295,的
296,探索
297,発見
298,的
299,探索
302,探索
305,探索
308,探索
311,探索
314,探索
315,*
316,法
317,ミニマックス
318,法
319,ミニマックス
320,法
321,ミニマックス
322,法
323,ミニマックス
324,法
328,手続
332,手続
336,手続
340,手続
344,手続
345,意味
346,ネットワーク
347,意味
348,ネットワーク
349,意味
350,ネットワーク
351,意味
352,ネットワーク
353,意味
354,ネットワーク
355,フレーム
356,表現
357,フレーム
358,表現
359,フレーム
360,表現
361,フレーム
362,表現
363,フレーム
364,表現
365,プロダクションシステム
366,プロダクションシステム
367,プロダクションシステム
368,プロダクションシステム
369,プロダクションシステム
370,導出
371,原理
372,導出
373,原理
374,導出
375,原理
376,導出
377,原理
378,導出
379,原理
380,前向き
381,推論
382,前向き
383,推論
384,前向き
385,推論
386,前向き
387,推論
388,前向き
389,推論
390,後向き
391,推論
392,後向き
393,推論
394,後向き
395,推論
396,後向き
397,推論
398,後向き
399,推論
400,デフォルト
401,推論
402,デフォルト
403,推論
404,デフォルト
405,推論
406,デフォルト
407,推論
408,デフォルト
409,推論
410,確率
411,的
412,推論
413,確率
414,的
415,推論
416,確率
417,的
418,推論
419,確率
420,的
421,推論
422,確率
423,的
424,推論
425,ベイ
426,*
427,アン
428,ネットワーク
429,ベイ
430,*
431,アン
432,ネットワーク
433,ベイ
434,*
435,アン
436,ネットワーク
437,*
438,*
439,階層
440,的
441,プランニング
442,階層
443,的
444,プランニング
445,階層
446,的
447,プランニング
448,階層
449,的
450,プランニング
451,階層
452,的
453,プランニング
455,順序
456,プランニング
458,順序
459,プランニング
461,順序
462,プランニング
464,順序
465,プランニング
467,順序
468,プランニング
469,即応
470,プランニング
471,即応
472,プランニング
473,即応
474,プランニング
475,即応
476,プランニング
477,即応
478,プランニング
479,線形
480,識別
481,器
482,線形
483,識別
484,器
485,線形
486,識別
487,器
488,線形
489,識別
490,器
491,線形
492,識別
493,器
494,ニュー
495,*
496,ネットワーク
497,ニュー
498,*
499,ネットワーク
500,ニュー
501,*
502,ネットワーク
503,*
504,決定
505,木
506,決定
507,木
508,決定
509,木
510,決定
511,木
512,決定
513,木
514,パターン
515,認識
516,パターン
517,認識
518,パターン
519,認識
520,パターン
521,認識
522,パターン
523,認識
524,情報
525,論理
526,情報
527,論理
528,情報
529,論理
530,情報
531,論理
532,情報
533,論理
534,確率
535,論
537,統計
538,学
539,確率
540,論
542,統計
543,学
544,確率
545,論
547,統計
548,学
549,確率
550,論
552,統計
553,学
554,確率
555,論
557,統計
558,学
559,人工
560,知能
561,入門
562,講義
564,指定
567,探索
570,問題
572,表現
574,グラフ
575,探索
576,探索
579,発見
580,的
581,探索
585,探索
586,探索
589,ゲーム
591,ミニマックス
592,法
597,手続
599,知識
600,表現
603,意味
604,ネットワーク
606,フレーム
607,表現
608,知識
609,表現
612,プロダクションシステム
613,推論
616,導出
617,原理
619,基づく
620,推論
621,推論
624,前向き
625,推論
627,後向き
628,推論
630,デフォルト
631,推論
632,推論
635,確率
636,的
637,推論
639,*
641,計画
642,作成
645,*
647,階層
648,的
649,プランニング
650,計画
651,作成
655,順序
656,プランニング
658,即応
659,プランニング
660,機械
661,学習
664,線形
665,識別
666,器
667,機械
668,学習
671,*
672,機械
673,学習
676,決定
677,木
680,*
681,*
682,*
688,*
689,*
690,データ
691,構造
693,アルゴリズム
694,データ
695,構造
697,アルゴリズム
698,データ
699,構造
701,アルゴリズム
702,データ
703,構造
705,アルゴリズム
706,データ
707,構造
709,アルゴリズム
710,データ
711,構造
713,アルゴリズム
714,データ
715,構造
717,アルゴリズム
719,講義
723,アルゴリズム
725,データ
726,構造
728,基本
730,学ぶ
732,前半
735,基本
736,的
738,データ
739,構造
742,データ
743,構造
745,操作
747,アルゴリズム
749,後半
752,より
753,高度
755,アルゴリズム
757,学ぶ
760,講義
762,履修
766,以下
768,修得
774,計算
775,機
776,科学
778,基礎
780,なる
781,データ
782,構造
784,アルゴリズム
786,知識
792,データ
793,構造
795,アルゴリズム
799,実装
804,アルゴリズム
806,効率
808,知識
809,リスト
810,リスト
811,リス
812,トリ
813,*
814,木
815,木
816,木
817,木
818,木
829,グラフ
830,グラフ
831,*
832,分割
833,統治
834,法
835,分割
836,統治
837,法
838,分割
839,統治
840,法
841,分割
842,統治
843,法
844,分割
845,統治
846,法
847,動的
848,計画
849,法
850,動的
851,計画
852,法
853,動的
854,計画
855,法
856,動的
857,計画
858,法
859,動的
860,計画
861,法
862,文字
863,列
864,照合
865,文字
866,列
867,照合
868,文字
869,列
870,照合
871,文字
872,列
873,照合
874,文字
875,列
876,照合
877,情報
878,基礎
879,学
882,情報
883,基礎
884,学
887,情報
888,基礎
889,学
892,情報
893,基礎
894,学
897,情報
898,基礎
899,学
902,情報
903,基礎
904,学
907,情報
908,基礎
909,学
912,き
913,型
914,プログラミング
915,基礎
916,手続き
917,型
918,プログラミング
919,基礎
920,手続き
921,型
922,プログラミング
923,基礎
924,手続き
925,型
926,プログラミング
927,基礎
928,手続き
929,型
930,プログラミング
931,基礎
932,手続き
933,型
934,プログラミング
935,発展
936,手続き
937,型
938,プログラミング
939,発展
940,手続き
941,型
942,プログラミング
943,発展
944,手続き
945,型
946,プログラミング
947,発展
948,手続き
949,型
950,プログラミング
951,発展
952,コンピュータ
953,サイエンス
956,コンピュータ
957,サイエンス
960,コンピュータ
961,サイエンス
964,コンピュータ
965,サイエンス
968,コンピュータ
969,サイエンス
972,コンピュータ
973,サイエンス
976,コンピュータ
977,サイエンス
980,コンピュータ
981,サイエンス
984,コンピュータ
985,サイエンス
988,コンピュータ
989,サイエンス
992,イントロダクション
993,アルゴリズム
999,学ぶ
1001,学ぶ
1002,抽象
1003,データ
1004,型
1006,計算
1007,効率
1008,抽象
1009,データ
1010,型
1012,計算
1013,効率
1015,学ぶ
1016,基本
1017,的
1019,データ
1020,構造
1022,リスト
1024,スタック
1026,待ち
1027,行列
1028,リスト
1030,スタック
1032,待ち
1033,行列
1035,学ぶ
1036,基本
1037,的
1039,データ
1040,構造
1042,グラフ
1044,木
1048,グラフ
1050,木
1055,理解
1057,基本
1058,的
1060,データ
1061,構造
1063,辞書
1065,ハッシュ
1066,辞書
1068,ハッシュ
1070,学ぶ
1071,順序
1072,付き
1073,集合
1075,処理
1077,ヒープ
1081,探索
1082,木
1084,平衡
1085,探索
1086,木
1087,順序
1088,付き
1089,集合
1091,学ぶ
1092,中間
1093,試験
1094,整列
1096,アルゴリズム
1098,バブル
1099,ソート
1101,挿入
1102,ソート
1104,選択
1105,ソート
1106,整列
1107,アルゴリズム
1109,学ぶ
1110,整列
1112,アルゴリズム
1114,ヒープソート
1116,マージ
1117,ソート
1119,*
1121,グラフ
1123,データ
1124,構造
1126,深い
1128,優先
1129,探索
1131,幅優先
1132,探索
1133,グラフ
1134,アルゴリズム
1136,学ぶ
1137,グラフ
1138,アルゴリズム
1140,最短
1141,経路
1143,*
1145,*
1147,*
1150,最小
1151,全域
1152,木
1154,*
1156,*
1158,文字
1159,列
1161,照合
1162,文字
1163,列
1164,照合
1166,アルゴリズム
1168,知る
1169,高度
1171,問題
1173,アルゴリズム
1174,高度
1176,問題
1178,アルゴリズム
1180,学ぶ
1181,期末
1182,試験
1183,*
1184,*
1185,*
1191,*
1192,*
1193,機械
1194,学習
1195,機械
1196,学習
1197,機械
1198,学習
1199,機械
1200,学習
1201,機械
1202,学習
1203,機械
1204,学習
1205,機械
1206,学習
1207,機械
1208,学習
1211,明示
1212,的
1214,プログラミング
1217,ない
1219,コンピュータ
1221,学ぶ
1222,能力
1224,与える
1228,研究
1229,分野
1232,アーサー
1234,サミュエル
1243,出発
1247,理論
1249,アルゴリズム
1251,成熟
1253,データ
1256,規模
1257,化
1259,計算
1260,能力
1262,向上
1265,背景
1268,機械
1269,学習
1271,飛躍
1272,的
1274,進展
1276,見せる
1278,情報
1279,科学
1280,以外
1282,分野
1285,活用
1290,なる
1294,講義
1298,機械
1299,学習
1301,基礎
1302,的
1304,概念
1306,理論
1308,紹介
1311,機械
1312,学習
1314,応用
1316,従事
1318,ため
1320,必要
1322,知識
1324,習得
1326,目指す
1328,機械
1329,学習
1331,応用
1332,例
1334,コンピュータ
1336,プログラム
1338,実装
1340,スキル
1342,養成
1344,ため
1346,プログラミング
1347,言語
1348,*
1350,演習
1352,実施
1356,機械
1357,学習
1359,基礎
1360,的
1362,概念
1364,理解
1366,習得
1369,機械
1370,学習
1372,理論
1374,アルゴリズム
1376,実装
1378,理解
1381,データ
1382,処理
1384,基礎
1385,事項
1387,習得
1389,回帰
1390,回帰
1391,回帰
1392,回帰
1393,回帰
1394,分類
1395,分類
1396,分類
1397,分類
1398,分類
1399,クラスタリング
1400,クラス
1401,*
1402,次元
1403,圧縮
1404,次元
1405,圧縮
1406,次元
1407,圧縮
1408,次元
1409,圧縮
1410,次元
1411,圧縮
1412,強化
1413,学習
1414,強化
1415,学習
1416,強化
1417,学習
1418,強化
1419,学習
1420,強化
1421,学習
1422,確率
1423,論
1425,統計
1426,学
1427,確率
1428,論
1430,統計
1431,学
1432,確率
1433,論
1435,統計
1436,学
1437,確率
1438,論
1440,統計
1441,学
1442,確率
1443,論
1445,統計
1446,学
1447,人工
1448,知能
1449,人工
1450,知能
1451,人工
1452,知能
1453,人工
1454,知能
1455,人工
1456,知能
1457,手続き
1458,型
1459,プログラミング
1460,基礎
1461,手続き
1462,型
1463,プログラミング
1464,基礎
1465,手続き
1466,型
1467,プログラミング
1468,基礎
1469,手続き
1470,型
1471,プログラミング
1472,基礎
1473,手続き
1474,型
1475,プログラミング
1476,基礎
1477,手続き
1478,型
1479,プログラミング
1480,発展
1481,手続き
1482,型
1483,プログラミング
1484,発展
1485,手続き
1486,型
1487,プログラミング
1488,発展
1489,手続き
1490,型
1491,プログラミング
1492,発展
1493,手続き
1494,型
1495,プログラミング
1496,発展
1497,パターン
1498,認識
1499,パターン
1500,認識
1501,パターン
1502,認識
1503,パターン
1504,認識
1505,パターン
1506,認識
1507,先端
1508,機械
1509,学習
1510,先端
1511,機械
1512,学習
1513,先端
1514,機械
1515,学習
1516,先端
1517,機械
1518,学習
1519,先端
1520,機械
1521,学習
1522,導入
1524,*
1526,基礎
1527,機械
1528,学習
1530,概要
1532,*
1534,基本
1535,的
1537,文法
1538,データ
1540,可視
1541,化
1542,データ
1544,読み書き
1547,グラフ
1549,棒
1550,グラフ
1552,散布
1553,図
1555,*
1556,線形
1557,回帰
1558,最小
1560,乗法
1563,尤
1564,推定
1566,勾配
1567,法
1569,評価
1572,学習
1574,正則
1575,化
1576,線形
1577,分類
1581,しきい
1582,値
1583,論理
1584,ユニット
1587,値
1588,分類
1590,パーセプトロン
1592,ロジ
1593,スティック
1594,回帰
1596,評価
1597,線形
1598,分類
1602,多値
1603,分類
1605,ソフト
1606,マックス
1607,関数
1608,演習
1612,*
1616,内容
1618,演習
1619,深層
1620,*
1624,活性
1625,化
1626,関数
1628,計算
1629,グラフ
1631,自動
1632,微分
1634,誤差
1636,伝搬
1637,深層
1638,*
1642,畳み込む
1643,*
1645,ドロップ
1646,アウト
1648,ミニ
1649,バッチ
1650,最適
1651,化
1652,*
1654,双対
1655,性
1657,サポート
1658,ベクトル
1660,カーネル
1661,関数
1663,多値
1664,分類
1665,演習
1669,*
1673,内容
1675,演習
1676,クラスタリング
1677,階層
1678,型
1679,クラスタリング
1683,*
1684,次元
1685,圧縮
1686,主成分
1687,分析
1689,特異
1690,値
1691,分解
1693,*
1694,強化
1695,学習
1696,マルコフ
1697,決定
1698,過程
1700,ベル
1701,マン
1702,方程式
1704,価値
1705,反復
1706,法
1708,方策
1709,反復
1710,法
1713,学習
1714,演習
1719,*
1724,内容
1726,演習
1727,*
1728,*
1729,*
1735,*
1736,*
1737,オートマトン
1739,形式
1740,言語
1741,オートマトン
1743,形式
1744,言語
1745,オートマトン
1747,形式
1748,言語
1749,オートマトン
1751,形式
1752,言語
1753,オートマトン
1755,形式
1756,言語
1757,オートマトン
1759,形式
1760,言語
1761,オートマトン
1763,形式
1764,言語
1766,講義
1770,プログラム
1771,言語
1772,処理
1774,自然
1775,言語
1776,処理
1778,基礎
1780,論じる
1782,句
1783,構造
1784,文法
1786,正規
1787,表現
1789,有限
1790,オートマトン
1792,プッシュダウンオートマトン
1794,形式
1795,言語
1797,性質
1799,講義
1802,形式
1803,言語
1805,生成
1807,手段
1809,認識
1811,機械
1813,二つ
1815,観点
1817,学ぶ
1821,言語
1822,処理
1824,関連
1826,基礎
1827,理論
1829,理解
1833,ねらい
1840,講義
1842,履修
1847,以下
1849,知識
1851,能力
1853,修得
1858,正規
1859,言語
1861,文脈
1862,自由
1863,言語
1865,定義
1867,性質
1869,理解
1874,正規
1875,文法
1877,文脈
1878,自由
1879,文法
1881,定義
1883,理解
1886,標準
1887,形
1890,変換
1891,等
1893,問題
1895,解く
1898,できる
1902,決定
1903,性
1905,非決定
1906,性
1907,有限
1908,オートマトン
1910,定義
1912,理解
1915,文法
1917,対応
1919,オートマトン
1921,生成
1923,問題
1926,解く
1929,できる
1933,プッシュダウンオートマトン
1935,定義
1937,理解
1940,関連
1942,アルゴリズム
1944,問題
1946,解く
1949,できる
1951,句
1952,構造
1953,文法
1954,句
1955,構造
1956,文法
1957,句
1958,構造
1959,文法
1960,句
1961,構造
1962,文法
1963,句
1964,構造
1965,文法
1966,正規
1967,言語
1968,正規
1969,言語
1970,正規
1971,言語
1972,正規
1973,言語
1974,正規
1975,言語
1976,文脈
1977,自由
1978,言語
1979,文脈
1980,自由
1981,言語
1982,文脈
1983,自由
1984,言語
1985,文脈
1986,自由
1987,言語
1988,文脈
1989,自由
1990,言語
1991,正規
1992,文法
1993,正規
1994,文法
1995,正規
1996,文法
1997,正規
1998,文法
1999,正規
2000,文法
2001,文脈
2002,自由
2003,文法
2004,文脈
2005,自由
2006,文法
2007,文脈
2008,自由
2009,文法
2010,文脈
2011,自由
2012,文法
2013,文脈
2014,自由
2015,文法
2016,正規
2017,表現
2018,正規
2019,表現
2020,正規
2021,表現
2022,正規
2023,表現
2024,正規
2025,表現
2026,有限
2027,オートマトン
2028,有限
2029,オートマトン
2030,有限
2031,オートマトン
2032,有限
2033,オートマトン
2034,有限
2035,オートマトン
2036,プッシュダウン
2038,オートマトン
2039,プッシュダウン
2041,オートマトン
2042,プッシュダウン
2044,オートマトン
2045,プッシュダウン
2047,オートマトン
2048,プッシュダウン
2050,オートマトン
2051,反復
2052,補題
2053,反復
2054,補題
2055,反復
2056,補題
2057,反復
2058,補題
2059,反復
2060,補題
2061,情報
2062,基礎
2063,学
2066,情報
2067,基礎
2068,学
2071,情報
2072,基礎
2073,学
2076,情報
2077,基礎
2078,学
2081,情報
2082,基礎
2083,学
2086,情報
2087,基礎
2088,学
2091,情報
2092,基礎
2093,学
2096,情報
2097,基礎
2098,学
2101,情報
2102,基礎
2103,学
2106,情報
2107,基礎
2108,学
2111,計算
2112,基礎
2113,論
2114,計算
2115,基礎
2116,論
2117,計算
2118,基礎
2119,論
2120,計算
2121,基礎
2122,論
2123,計算
2124,基礎
2125,論
2126,コンパイラ
2127,構成
2128,コンパイラ
2129,構成
2130,コンパイラ
2131,構成
2132,コンパイラ
2133,構成
2134,コンパイラ
2135,構成
2136,自然
2137,言語
2138,処理
2139,自然
2140,言語
2141,処理
2142,自然
2143,言語
2144,処理
2145,自然
2146,言語
2147,処理
2148,自然
2149,言語
2150,処理
2151,イントロダクション
2154,構造
2155,文法
2156,形
2157,式言語
2160,構造
2161,文法
2163,列
2165,導出
2166,正規
2167,文法
2168,正規
2169,文法
2171,正規
2172,言語
2174,正規
2175,言語
2177,和
2178,集合
2180,連接
2182,クリーネ
2183,閉包
2186,生成
2187,規則
2189,除去
2190,有限
2191,オートマトン
2192,オートマトン
2194,形式
2195,的
2196,定義
2198,状態
2199,遷移
2200,図
2202,決定
2203,性
2204,有限
2205,オートマトン
2207,*
2210,非決定
2211,性
2212,有限
2213,オートマトン
2215,*
2217,正規
2218,文法
2220,有限
2221,オートマトン
2222,*
2224,*
2227,変換
2229,*
2231,対応
2233,正規
2234,文法
2236,導出
2238,遷移
2240,含む
2241,オートマトン
2243,遷移
2245,含む
2246,オートマトン
2249,遷移
2251,除去
2253,和
2254,集合
2256,補
2257,集合
2259,共通
2260,集合
2262,連接
2264,クリーネ
2265,閉包
2267,*
2268,決定
2269,性
2270,有限
2271,オートマトン
2273,最小
2274,化
2275,*
2277,状態
2279,最小
2280,化
2281,アルゴリズム
2283,最小
2284,性
2286,証明
2288,一意
2289,性
2291,証明
2292,正規
2293,言語
2295,反復
2296,補題
2297,正規
2298,言語
2300,反復
2301,補題
2303,正規
2304,言語
2307,ない
2310,証明
2311,法
2312,正規
2313,表現
2315,オートマトン
2318,変換
2320,オートマトン
2322,正規
2323,表現
2326,変換
2327,ボトムアップ
2328,法
2330,トップダウン
2331,法
2333,*
2335,方法
2337,再帰
2338,方程式
2340,解く
2341,方法
2342,正規
2343,言語
2345,有限
2346,オートマトン
2348,復習
2350,中間
2351,試験
2352,正規
2353,言語
2355,有限
2356,オートマトン
2358,復習
2360,中間
2361,試験
2362,文脈
2363,自由
2364,文法
2366,*
2368,文脈
2369,自由
2370,文法
2372,文脈
2373,自由
2374,言語
2376,導出
2377,木
2379,曖昧
2380,性
2383,生成
2384,規則
2386,除去
2387,チョムスキー
2389,標準
2390,形
2391,チョムスキー
2393,標準
2394,形
2396,*
2399,単位
2400,生成
2401,規則
2403,除去
2404,文脈
2405,自由
2406,言語
2408,*
2411,反復
2412,補題
2414,*
2416,補題
2417,*
2419,導出
2420,木
2422,文脈
2423,自由
2424,言語
2426,反復
2427,補題
2429,*
2431,補題
2433,文脈
2434,自由
2435,言語
2438,ない
2441,証明
2442,法
2444,反復
2445,補題
2447,*
2449,補題
2452,非決定
2453,性
2454,プッシュダウンオートマトン
2456,*
2459,決定
2460,性
2461,プッシュダウンオートマトン
2463,*
2465,非決定
2466,性
2467,プッシュダウンオートマトン
2469,形式
2470,的
2471,定義
2473,状態
2474,遷移
2475,図
2477,受理
2479,言語
2482,時点
2483,表示
2485,決定
2486,性
2487,プッシュダウンオートマトン
2489,決定
2490,性
2491,文脈
2492,自由
2493,言語
2495,*
2497,文脈
2498,自由
2499,文法
2501,プッシュダウンオートマトン
2503,等価
2504,性
2505,文脈
2506,自由
2507,文法
2509,対応
2511,*
2513,構成
2514,法
2516,空
2517,スタック
2519,受理
2521,言語
2523,*
2525,対応
2527,文脈
2528,自由
2529,文法
2531,生成
2532,法
2533,*
2534,*
2535,*
2541,*
2542,*
2543,手続き
2544,型
2545,プログラミング
2546,基礎
2547,手続き
2548,型
2549,プログラミング
2550,基礎
2551,手続き
2552,型
2553,プログラミング
2554,基礎
2555,手続き
2556,型
2557,プログラミング
2558,基礎
2559,手続き
2560,型
2561,プログラミング
2562,基礎
2563,手続き
2564,型
2565,プログラミング
2566,基礎
2567,手続き
2568,型
2569,プログラミング
2570,基礎
2572,言語
2574,手続き
2575,型
2576,プログラミング
2578,基礎
2579,的
2581,内容
2584,講義
2586,実習
2588,理論
2590,実践
2592,両面
2594,学ぶ
2597,前半
2601,データ
2602,型
2604,演算
2605,子
2607,制御
2608,構造
2610,関数
2612,再帰
2616,言語
2619,文法
2620,知識
2623,講義
2625,練習
2626,問題
2628,実習
2630,習得
2634,後半
2638,配列
2640,ファイル
2641,入出力
2643,文字
2644,型
2646,文字
2647,列
2650,学ぶ
2653,前半
2655,習得
2658,知識
2660,併せる
2663,データ
2664,探索
2666,整列
2668,*
2672,具体
2673,的
2675,問題
2677,解く
2678,ため
2680,アルゴリズム
2682,学ぶ
2685,後半
2687,実習
2691,大量
2692,データ
2694,統計
2695,処理
2697,探索
2700,対象
2707,規模
2709,プログラム
2711,作成
2719,言語
2721,データ
2722,型
2724,標準
2725,入出力
2727,演算
2728,子
2730,制御
2731,構造
2733,関数
2735,再帰
2737,配列
2739,ファイル
2740,入出力
2742,文字
2743,列
2745,理解
2750,活用
2753,プログラム
2755,作成
2756,できる
2761,複数
2763,探索
2764,アルゴリズム
2766,整列
2767,アルゴリズム
2769,理解
2772,実現
2774,プログラム
2776,作成
2777,できる
2782,データ
2783,解析
2784,等
2788,解決
2790,プログラム
2792,作成
2795,解決
2796,法
2798,説明
2799,できる
2801,手続き
2802,型
2803,プログラミング
2804,手続き
2805,型
2806,プログラミング
2807,手続き
2808,型
2809,プログラミング
2810,手続き
2811,型
2812,プログラミング
2813,手続き
2814,型
2815,プログラミング
2816,データ
2817,型
2818,データ
2819,型
2820,データ
2821,型
2822,データ
2823,型
2824,データ
2825,型
2826,標準
2827,入出力
2828,標準
2829,入出力
2830,標準
2831,入出力
2832,標準
2833,入出力
2834,標準
2835,入出力
2836,制御
2837,構造
2838,制御
2839,構造
2840,制御
2841,構造
2842,制御
2843,構造
2844,制御
2845,構造
2846,配列
2847,配列
2848,配列
2849,配列
2850,配列
2851,関数
2852,関数
2853,関数
2854,関数
2855,関数
2856,ファイル
2857,入出力
2858,ファイル
2859,入出力
2860,ファイル
2861,入出力
2862,ファイル
2863,入出力
2864,ファイル
2865,入出力
2866,再帰
2867,再帰
2868,再帰
2869,再帰
2870,再帰
2871,整列
2872,整列
2873,整列
2874,整列
2875,整列
2876,探索
2877,探索
2878,探索
2879,探索
2880,探索
2881,アルゴリズム
2882,アルゴリズム
2883,*
2884,解析
2885,データ
2886,解析
2887,データ
2888,解析
2889,データ
2890,解析
2891,データ
2892,解析
2893,手続き
2894,型
2895,プログラミング
2896,発展
2897,手続き
2898,型
2899,プログラミング
2900,発展
2901,手続き
2902,型
2903,プログラミング
2904,発展
2905,手続き
2906,型
2907,プログラミング
2908,発展
2909,手続き
2910,型
2911,プログラミング
2912,発展
2913,関数
2914,型
2915,プログラミング
2916,基礎
2917,関数
2918,型
2919,プログラミング
2920,基礎
2921,関数
2922,型
2923,プログラミング
2924,基礎
2925,関数
2926,型
2927,プログラミング
2928,基礎
2929,関数
2930,型
2931,プログラミング
2932,基礎
2933,オブジェクト
2934,指向
2935,プログラミング
2936,オブジェクト
2937,指向
2938,プログラミング
2939,オブジェクト
2940,指向
2941,プログラミング
2942,オブジェクト
2943,指向
2944,プログラミング
2945,オブジェクト
2946,指向
2947,プログラミング
2948,データ
2949,構造
2951,アルゴリズム
2952,データ
2953,構造
2955,アルゴリズム
2956,データ
2957,構造
2959,アルゴリズム
2960,データ
2961,構造
2963,アルゴリズム
2964,データ
2965,構造
2967,アルゴリズム
2968,システム
2969,プログラミング
2970,システム
2971,プログラミング
2972,システム
2973,プログラミング
2974,*
2975,並列
2976,プログラミング
2977,並列
2978,プログラミング
2979,並列
2980,プログラミング
2981,並列
2982,プログラミング
2983,並列
2984,プログラミング
2985,数値
2986,計算
2987,法
2988,数値
2989,計算
2990,法
2991,数値
2992,計算
2993,法
2994,数値
2995,計算
2996,法
2997,数値
2998,計算
2999,法
3000,情報
3001,*
3004,情報
3005,*
3008,情報
3009,*
3012,情報
3013,*
3016,情報
3017,*
3020,情報
3021,*
3024,情報
3025,*
3028,情報
3029,*
3032,情報
3033,*
3036,情報
3037,*
3041,講義
3043,ハードウェア
3045,ソフトウェア
3047,整数
3048,型
3050,実数
3051,型
3053,演算
3054,子
3056,標準
3057,入出力
3059,時間
3060,内
3062,与える
3066,実習
3068,手続き
3069,型
3070,プログラミング
3073,導入
3075,実習
3076,環境
3078,準備
3079,*
3081,*
3084,講義
3086,制御
3087,構造
3089,条件
3090,分岐
3092,ループ
3095,実習
3097,ハードウェア
3099,ソフトウェア
3101,四則
3102,演算
3104,標準
3105,入出力
3107,実習
3109,講義
3111,関数
3113,再帰
3115,変数
3117,スコープ
3119,実習
3121,制御
3122,構造
3124,実習
3126,講義
3128,配列
3130,多次元
3131,配列
3133,ファイル
3134,入出力
3136,実習
3138,関数
3140,再帰
3142,実習
3144,実習
3146,配列
3148,多次元
3149,配列
3151,ファイル
3152,入出力
3154,実習
3156,講義
3158,文字
3159,型
3161,文字
3162,列
3164,実習
3166,情報処理
3169,基礎
3172,プログラム
3173,設計
3175,統計
3176,処理
3178,計測
3180,制御
3181,等
3184,講義
3186,探索
3187,アルゴリズム
3189,整列
3190,アルゴリズム
3192,実習
3194,情報処理
3197,基礎
3200,プログラム
3201,実装
3202,習熟
3203,達成
3204,評価
3205,*
3206,*
3207,*
3213,*
3214,*
3215,論理
3216,回路
3217,理論
3218,論理
3219,回路
3220,理論
3221,論理
3222,回路
3223,理論
3224,論理
3225,回路
3226,理論
3227,論理
3228,回路
3229,理論
3230,論理
3231,回路
3232,理論
3233,論理
3234,回路
3235,理論
3236,ディジタル
3237,回路
3239,設計
3241,解析
3243,ため
3245,基礎
3246,理論
3249,論理
3250,回路
3251,理論
3253,修得
3256,情報
3257,工学
3258,分野
3261,コンピュータ
3263,ハードウェア
3265,ソフトウェア
3267,一つ
3269,システム
3271,連続
3277,理解
3281,非常
3283,重要
3287,論理
3288,回路
3289,理論
3292,プロセッサ
3294,代表
3297,高度
3299,ディジタル
3300,回路
3302,設計
3304,動作
3306,理解
3308,礎
3310,なる
3312,コンピュータ
3314,ハードウェア
3316,動作
3318,理解
3323,ソフトウェア
3325,動作
3327,本質
3328,的
3330,理解
3333,繋がる
3335,具体
3336,的
3338,講義
3339,項目
3342,論理
3343,回路
3344,理論
3347,論理
3348,代数
3350,論理
3351,関数
3354,性質
3356,組合せ
3357,回路
3359,順序
3360,回路
3362,設計
3363,方法
3366,ハードウェア
3367,記述
3368,言語
3370,利用
3373,ソフトウェア
3375,ディジタル
3376,回路
3378,記述
3379,手法
3380,等
3385,講義
3387,履修
3390,次
3392,能力
3394,修得
3398,ディジタル
3399,回路
3401,理解
3403,必須
3405,論理
3406,代数
3408,論理
3409,関数
3412,性質
3414,理解
3415,できる
3418,組合せ
3419,回路
3421,順序
3422,回路
3424,理解
3425,できる
3429,設計
3431,できる
3434,ハードウェア
3435,記述
3436,言語
3438,利用
3441,ソフトウェア
3444,ディジタル
3445,回路
3447,記述
3448,できる
3450,論理
3451,代数
3452,論理
3453,代数
3454,論理
3455,代数
3456,論理
3457,代数
3458,論理
3459,代数
3460,論理
3461,関数
3462,論理
3463,関数
3464,論理
3465,関数
3466,論理
3467,関数
3468,論理
3469,関数
3470,組合せ
3471,論理
3472,回路
3473,組合せ
3474,論理
3475,回路
3476,組合せ
3477,論理
3478,回路
3479,組合せ
3480,論理
3481,回路
3482,組合せ
3483,論理
3484,回路
3485,順序
3486,回路
3487,順序
3488,回路
3489,順序
3490,回路
3491,順序
3492,回路
3493,順序
3494,回路
3495,ハードウェア
3496,記述
3497,言語
3498,ハードウェア
3499,記述
3500,言語
3501,ハードウェア
3502,記述
3503,言語
3504,ハードウェア
3505,記述
3506,言語
3507,ハードウェア
3508,記述
3509,言語
3510,コンピュータ
3511,論理
3512,設計
3513,コンピュータ
3514,論理
3515,設計
3516,コンピュータ
3517,論理
3518,設計
3519,コンピュータ
3520,論理
3521,設計
3522,コンピュータ
3523,論理
3524,設計
3525,コンピュータアーキテクチャ
3526,コンピュータアーキテクチャ
3527,コンピュータアーキテクチャ
3528,コンピュータアーキテクチャ
3529,コンピュータアーキテクチャ
3530,先端
3531,コンピュータアーキテクチャ
3532,先端
3533,コンピュータアーキテクチャ
3534,先端
3535,コンピュータアーキテクチャ
3536,先端
3537,コンピュータアーキテクチャ
3538,先端
3539,コンピュータアーキテクチャ
3540,論理
3541,代数
3543,論理
3544,式
3546,双対
3547,性
3548,論理
3549,代数
3551,論理
3552,式
3554,双対
3555,表現
3557,理解
3559,論理
3560,関数
3562,包含
3563,関係
3566,極大
3567,項
3568,表現
3570,極小
3571,項
3572,表現
3573,論理
3574,関数
3576,包含
3577,関係
3579,極大
3580,項
3581,表現
3583,極小
3584,項
3585,表現
3587,理解
3589,*
3590,形式
3592,*
3593,形式
3595,*
3597,*
3598,展開
3599,*
3603,*
3606,論理
3607,式
3609,表現
3611,*
3613,*
3614,展開
3616,理解
3618,*
3619,関数
3621,単調
3622,関数
3624,双対
3625,関数
3626,*
3627,関数
3629,単調
3630,関数
3632,双対
3633,関数
3635,性質
3637,理解
3639,対称
3640,関数
3642,線形
3643,関数
3645,*
3646,関数
3647,対称
3648,関数
3650,線形
3651,関数
3653,*
3654,関数
3656,性質
3658,理解
3660,組合せ
3661,回路
3663,設計
3665,カルノー
3666,図
3667,カルノー
3668,図
3670,利用
3673,組み合わせ
3674,回路
3676,設計
3677,法
3679,理解
3681,組合せ
3682,回路
3684,設計
3686,*
3688,*
3689,法
3690,*
3692,*
3693,法
3695,組合せ
3696,回路
3698,設計
3699,法
3701,理解
3703,ハードウェア
3704,記述
3705,言語
3707,組合せ
3708,回路
3710,記述
3711,ハードウェア
3712,記述
3713,言語
3715,組合せ
3716,回路
3718,記述
3719,法
3721,理解
3723,順序
3724,回路
3726,構成
3727,順序
3728,回路
3730,仕組み
3732,理解
3734,状態
3735,遷移
3737,状態
3738,割当て
3739,順序
3740,回路
3742,状態
3743,遷移
3745,状態
3747,割当て
3748,法
3750,理解
3752,フリップフロップ
3754,順序
3755,回路
3757,設計
3758,フリップフロップ
3760,利用
3763,順序
3764,回路
3766,実現
3767,方法
3769,理解
3771,状態
3773,等価
3774,性
3776,順序
3777,回路
3779,簡単
3780,化
3781,状態
3783,等価
3784,性
3786,利用
3789,順序
3790,回路
3792,簡単
3793,化
3795,理解
3797,状態
3799,両立
3800,性
3802,順序
3803,回路
3805,簡単
3806,化
3807,状態
3809,両立
3810,性
3812,利用
3815,順序
3816,回路
3818,簡単
3819,化
3821,理解
3823,ハードウェア
3824,記述
3825,言語
3827,順序
3828,回路
3830,記述
3831,ハードウェア
3832,記述
3833,言語
3835,順序
3836,回路
3838,記述
3839,法
3841,理解
3843,*
3844,*
3845,*
3851,*
3852,*
3853,確率
3854,論
3856,統計
3857,学
3858,確率
3859,論
3861,統計
3862,学
3863,確率
3864,論
3866,統計
3867,学
3868,確率
3869,論
3871,統計
3872,学
3873,確率
3874,論
3876,統計
3877,学
3878,確率
3879,論
3881,統計
3882,学
3883,確率
3884,論
3886,統計
3887,学
3888,確率
3890,統計
3892,基礎
3894,講義
3897,とくに
3898,情報
3899,工学
3901,よく
3902,利用
3905,確率
3907,統計
3909,手法
3911,原理
3913,理解
3916,各種
3917,計算
3918,法
3920,習得
3922,めざす
3926,統計
3927,処理
3929,ため
3931,言語
3933,環境
3938,使い方
3940,学ぶ
3944,確率
3945,論
3947,基礎
3949,理解
3952,確率
3953,分布
3955,適切
3957,扱える
3960,仮説
3961,検定
3963,概念
3965,理解
3968,適切
3970,統計
3971,検定
3972,手法
3974,選択
3976,実行
3977,できる
3980,なる
3981,確率
3982,論
3985,概念
3987,条件
3988,付き
3989,確率
3990,確率
3991,論
3994,概念
3996,条件
3997,付き
3998,確率
3999,確率
4000,論
4003,概念
4005,条件
4006,付き
4007,確率
4008,確率
4009,論
4012,概念
4014,条件
4015,付き
4016,確率
4017,確率
4018,論
4021,概念
4023,条件
4024,付き
4025,確率
4026,期待
4027,値
4028,期待
4029,値
4030,期待
4031,値
4032,期待
4033,値
4034,期待
4035,値
4036,分散
4038,分散
4040,分散
4042,分散
4044,分散
4046,確率
4047,分布
4051,分布
4052,確率
4053,分布
4057,分布
4058,確率
4059,分布
4063,分布
4064,確率
4065,分布
4069,分布
4070,確率
4071,分布
4075,分布
4076,正規
4077,分布
4079,正規
4080,分布
4082,正規
4083,分布
4085,正規
4086,分布
4088,正規
4089,分布
4091,確率
4093,法則
4095,*
4097,不等式
4098,確率
4100,法則
4102,*
4104,不等式
4105,確率
4107,法則
4109,*
4111,不等式
4112,確率
4114,法則
4116,*
4118,不等式
4119,確率
4121,法則
4123,*
4125,不等式
4126,収束
4127,定理
4129,収束
4130,定理
4132,収束
4133,定理
4135,収束
4136,定理
4138,収束
4139,定理
4141,統計
4142,的
4143,推定
4144,統計
4145,的
4146,推定
4147,統計
4148,的
4149,推定
4150,統計
4151,的
4152,推定
4153,統計
4154,的
4155,推定
4156,仮説
4157,検定
4158,仮説
4159,検定
4160,仮説
4161,検定
4162,仮説
4163,検定
4164,仮説
4165,検定
4167,検定
4169,検定
4171,検定
4173,検定
4175,検定
4176,統計
4177,処理
4178,言語
4180,統計
4181,処理
4182,言語
4184,統計
4185,処理
4186,言語
4188,統計
4189,処理
4190,言語
4192,統計
4193,処理
4194,言語
4196,人工
4197,知能
4198,人工
4199,知能
4200,人工
4201,知能
4202,人工
4203,知能
4204,人工
4205,知能
4206,パターン
4207,認識
4208,パターン
4209,認識
4210,パターン
4211,認識
4212,パターン
4213,認識
4214,パターン
4215,認識
4216,生命
4217,情報
4218,解析
4219,生命
4220,情報
4221,解析
4222,生命
4223,情報
4224,解析
4225,生命
4226,情報
4227,解析
4228,生命
4229,情報
4230,解析
4231,導入
4233,記述
4234,統計
4235,記述
4236,統計
4238,理解
4241,平均
4243,中央
4244,値
4246,分散
4248,標準
4249,偏差
4251,相関
4253,回帰
4254,データ
4256,関係
4258,理解
4261,相関
4262,係数
4264,線形
4265,回帰
4267,最小
4269,乗法
4271,統計
4272,処理
4273,言語
4275,入門
4278,データ
4279,処理
4281,理解
4283,確率
4284,分布
4285,確率
4287,理解
4290,確率
4292,定義
4294,確率
4295,分布
4297,積
4298,率
4299,積
4300,率
4302,理解
4305,分散
4307,積
4308,率
4310,積
4311,率
4312,母
4313,関数
4315,確率
4316,不等式
4317,確率
4318,不等式
4320,理解
4323,*
4325,不等式
4327,離散
4328,型
4329,確率
4330,分布
4331,離散
4332,型
4333,確率
4334,分布
4336,理解
4341,分布
4343,*
4344,分布
4346,ポアソン
4347,分布
4350,幾何
4351,分布
4353,*
4355,*
4357,連続
4358,型
4359,確率
4360,分布
4361,連続
4362,型
4363,確率
4364,分布
4366,理解
4369,正規
4370,分布
4372,一様
4373,分布
4375,指数
4376,分布
4378,*
4379,分布
4381,ベータ
4382,分布
4384,大数
4386,法則
4388,中心
4389,極限
4390,定理
4391,試行
4392,回数
4394,増える
4396,経験
4397,的
4398,確率
4400,理論
4401,的
4402,確率
4404,一致
4408,理解
4411,独立
4414,分布
4416,大数
4418,法則
4420,中心
4421,極限
4422,定理
4424,統計
4425,的
4426,推定
4427,統計
4428,的
4429,推定
4431,理解
4434,標本
4435,分布
4438,推定
4440,モーメント
4441,法
4443,最尤法
4445,仮説
4446,検定
4447,仮説
4448,検定
4450,理解
4453,区間
4454,推定
4456,仮説
4457,検定
4459,有意
4460,水準
4462,帰
4464,仮説
4466,対立
4467,仮説
4470,一種
4472,過誤
4478,過誤
4480,*
4482,*
4485,検定
4486,平均
4487,値
4489,差
4491,検定
4493,理解
4496,*
4499,検定
4501,*
4504,検定
4506,カイ
4509,検定
4510,カイ
4513,検定
4515,理解
4519,検定
4521,適合
4522,度
4524,カイ
4527,検定
4529,独立
4530,性
4532,カイ
4535,検定
4537,多重
4538,検定
4540,高度
4542,検定
4543,*
4544,法
4546,*
4547,*
4548,*
4550,マン
4552,ホイットニー
4555,検定
4556,*
4558,*
4560,*
4561,*
4562,*
4568,*
4569,*
4570,オブジェクト
4571,指向
4572,プログラミング
4573,オブジェクト
4574,指向
4575,プログラミング
4576,オブジェクト
4577,指向
4578,プログラミング
4579,オブジェクト
4580,指向
4581,プログラミング
4582,オブジェクト
4583,指向
4584,プログラミング
4585,オブジェクト
4586,指向
4587,プログラミング
4588,オブジェクト
4589,指向
4590,プログラミング
4592,講義
4596,オブジェクト
4597,指向
4598,プログラミング
4602,基本
4603,的
4605,考え方
4608,原理
4610,なる
4613,計算
4615,メカニズム
4617,説明
4620,保守
4621,性
4624,利用
4625,性
4627,向上
4629,つながる
4630,オブジェクト
4631,指向
4632,言語
4634,特徴
4636,設計
4637,原則
4639,学ぶ
4641,プログラミング
4642,言語
4644,*
4645,言語
4647,用いる
4649,プログラミング
4650,演習
4653,階層
4654,化
4658,クラス
4659,定義
4661,抽象
4662,化
4664,プログラミング
4665,技法
4667,利用
4669,能力
4671,身
4673,つける
4676,目指す
4679,講義
4681,履修
4685,以下
4687,能力
4689,修得
4695,オブジェクト
4696,指向
4698,プログラム
4700,書ける
4704,継承
4706,委譲
4708,保守
4709,性
4711,高い
4712,プログラミング
4714,できる
4718,*
4719,言語
4721,基本
4722,的
4724,文法
4726,身に付ける
4731,*
4732,言語
4734,代表
4735,的
4737,*
4739,利用
4740,できる
4742,クラス
4744,オブジェクト
4745,クラス
4747,オブジェクト
4748,クラス
4750,オブジェクト
4751,クラス
4753,オブジェクト
4754,クラス
4756,オブジェクト
4757,継承
4758,継承
4759,継承
4760,継承
4761,継承
4763,態
4764,性
4766,態
4767,性
4769,態
4770,性
4772,態
4773,性
4775,態
4776,性
4777,動的
4778,束縛
4779,動的
4780,束縛
4781,動的
4782,束縛
4783,動的
4784,束縛
4785,動的
4786,束縛
4787,カプセル
4788,化
4789,カプセル
4790,化
4791,カプセル
4792,化
4793,カプセル
4794,化
4795,カプセル
4796,化
4797,委譲
4798,委譲
4799,委譲
4800,委譲
4801,委譲
4802,手続き
4803,型
4804,プログラミング
4805,基礎
4806,手続き
4807,型
4808,プログラミング
4809,基礎
4810,手続き
4811,型
4812,プログラミング
4813,基礎
4814,手続き
4815,型
4816,プログラミング
4817,基礎
4818,手続き
4819,型
4820,プログラミング
4821,基礎
4822,手続き
4823,型
4824,プログラミング
4825,発展
4826,手続き
4827,型
4828,プログラミング
4829,発展
4830,手続き
4831,型
4832,プログラミング
4833,発展
4834,手続き
4835,型
4836,プログラミング
4837,発展
4838,手続き
4839,型
4840,プログラミング
4841,発展
4842,関数
4843,型
4844,プログラミング
4845,基礎
4846,関数
4847,型
4848,プログラミング
4849,基礎
4850,関数
4851,型
4852,プログラミング
4853,基礎
4854,関数
4855,型
4856,プログラミング
4857,基礎
4858,関数
4859,型
4860,プログラミング
4861,基礎
4862,オブジェクト
4863,指向
4864,設計
4865,オブジェクト
4866,指向
4867,設計
4868,オブジェクト
4869,指向
4870,設計
4871,オブジェクト
4872,指向
4873,設計
4874,オブジェクト
4875,指向
4876,設計
4877,並列
4878,プログラミング
4879,並列
4880,プログラミング
4881,並列
4882,プログラミング
4883,並列
4884,プログラミング
4885,並列
4886,プログラミング
4887,計算
4888,基礎
4889,論
4890,計算
4891,基礎
4892,論
4893,計算
4894,基礎
4895,論
4896,計算
4897,基礎
4898,論
4899,計算
4900,基礎
4901,論
4902,導入
4904,オブジェクト
4905,指向
4907,オブジェクト
4908,指向
4909,プログラミング
4910,言語
4911,オブジェクト
4912,指向
4914,オブジェクト
4915,指向
4916,プログラミング
4917,言語
4919,特徴
4921,説明
4922,できる
4925,なる
4927,*
4928,言語
4930,特徴
4932,処理
4933,系
4935,基本
4936,的
4938,文法
4939,*
4940,言語
4942,特徴
4944,処理
4945,系
4947,基本
4948,的
4950,文法
4952,説明
4953,できる
4956,なる
4957,演習
4959,*
4960,言語
4962,基本
4963,的
4965,文法
4967,基本
4968,*
4969,言語
4971,基本
4972,的
4974,文法
4976,基本
4977,*
4979,利用
4982,簡単
4984,プログラム
4986,書く
4989,できる
4990,オブジェクト
4991,指向
4992,言語
4994,特徴
4999,カプセル
5000,化
5002,継承
5004,多重
5005,継承
5007,単一
5008,継承
5009,カプセル
5010,化
5012,継承
5014,多重
5015,継承
5017,単一
5018,継承
5020,説明
5021,できる
5023,演習
5025,カプセル
5026,化
5028,継承
5029,カプセル
5030,化
5032,継承
5034,利用
5037,簡単
5039,プログラム
5041,書く
5044,できる
5045,オブジェクト
5046,指向
5047,言語
5049,特徴
5055,態
5056,性
5058,抽象
5059,クラス
5061,委譲
5063,態
5064,性
5066,抽象
5067,クラス
5069,委譲
5071,説明
5072,できる
5073,演習
5076,態
5077,性
5079,態
5080,性
5082,抽象
5083,クラス
5085,委譲
5087,利用
5090,簡単
5092,プログラム
5094,書く
5097,できる
5098,モジュール
5099,化
5101,機能
5102,独立
5103,性
5104,モジュール
5105,化
5107,機能
5108,独立
5109,性
5111,説明
5112,できる
5113,*
5114,原則
5115,*
5116,原則
5118,説明
5119,できる
5120,演習
5122,*
5123,原則
5124,*
5125,原則
5127,考慮
5130,プログラム
5132,書く
5135,できる
5136,*
5137,*
5139,入出力
5141,文字
5142,列
5143,操作
5145,入出力
5147,文字
5148,列
5149,操作
5151,主要
5153,*
5154,*
5156,機能
5158,説明
5159,できる
5160,演習
5162,*
5163,*
5165,入出力
5167,文字
5168,列
5169,操作
5171,*
5172,*
5174,入出力
5176,文字
5177,列
5178,操作
5181,利用
5184,簡単
5186,プログラム
5188,書く
5191,できる
5192,*
5193,*
5195,*
5196,*
5197,*
5199,*
5200,*
5201,*
5203,基本
5204,的
5206,機能
5208,説明
5209,できる
5210,演習
5212,総合
5213,演習
5214,階層
5215,的
5217,クラス
5218,定義
5220,基づく
5221,抽象
5222,化
5224,利用
5227,プログラム
5229,書く
5232,できる
5234,*
5235,*
5236,*
5242,*
5243,*
5244,関数
5245,型
5246,プログラミング
5247,基礎
5248,関数
5249,型
5250,プログラミング
5251,基礎
5252,関数
5253,型
5254,プログラミング
5255,基礎
5256,関数
5257,型
5258,プログラミング
5259,基礎
5260,関数
5261,型
5262,プログラミング
5263,基礎
5264,関数
5265,型
5266,プログラミング
5267,基礎
5268,関数
5269,型
5270,プログラミング
5271,基礎
5273,講義
5277,手続き
5278,型
5279,プログラミング
5280,基礎
5282,発展
5284,学ぶ
5286,手続き
5287,型
5288,プログラミング
5290,考え方
5293,異なる
5294,*
5296,基づく
5297,関数
5298,型
5299,プログラミング
5300,言語
5304,基本
5305,的
5307,考え方
5310,原理
5312,なる
5315,計算
5317,メカニズム
5319,説明
5322,プログラミング
5323,言語
5326,*
5328,用いる
5330,解決
5337,問題
5339,応じる
5341,適切
5343,*
5345,見極める
5349,応じる
5351,プログラミング
5352,言語
5354,用いる
5356,システム
5358,記述
5363,システム
5365,記述
5366,容易
5367,性
5369,理解
5370,容易
5371,性
5373,保守
5374,性
5377,観点
5379,重要
5384,講義
5387,手続き
5388,型
5389,プログラミング
5390,基礎
5392,発展
5394,異なる
5395,観点
5397,問題
5399,捉える
5403,異なる
5404,*
5406,共通
5408,概念
5410,相違
5411,点
5413,理解
5416,問題
5418,応じる
5420,適切
5422,プログラミング
5423,言語
5425,利用
5427,能力
5429,身
5431,つける
5434,目指す
5439,再帰
5440,プログラム
5442,書ける
5446,関数
5447,型
5449,プログラム
5451,書ける
5455,リスト
5456,処理
5458,プログラム
5460,書ける
5464,高階
5465,手続き
5467,活用
5470,プログラム
5472,書ける
5473,手続き
5474,抽象
5475,手続き
5476,抽象
5477,手続き
5478,抽象
5479,手続き
5480,抽象
5481,手続き
5482,抽象
5483,可変
5484,データ
5485,構造
5486,可変
5487,データ
5488,構造
5489,可変
5490,データ
5491,構造
5492,可変
5493,データ
5494,構造
5495,可変
5496,データ
5497,構造
5498,ストリーム
5499,*
5500,操作
5501,リスト
5502,操作
5503,リスト
5504,操作
5505,リスト
5506,操作
5507,リスト
5508,操作
5509,高
5510,階
5511,手続き
5512,高
5513,階
5514,手続き
5515,高
5516,階
5517,手続き
5518,高
5519,階
5520,手続き
5521,高
5522,階
5523,手続き
5524,継続
5525,継続
5526,継続
5527,継続
5528,継続
5529,計算
5530,基礎
5531,論
5532,計算
5533,基礎
5534,論
5535,計算
5536,基礎
5537,論
5538,計算
5539,基礎
5540,論
5541,計算
5542,基礎
5543,論
5544,手続き
5545,型
5546,プログラミング
5547,基礎
5548,手続き
5549,型
5550,プログラミング
5551,基礎
5552,手続き
5553,型
5554,プログラミング
5555,基礎
5556,手続き
5557,型
5558,プログラミング
5559,基礎
5560,手続き
5561,型
5562,プログラミング
5563,基礎
5564,手続き
5565,型
5566,プログラミング
5567,発展
5568,手続き
5569,型
5570,プログラミング
5571,発展
5572,手続き
5573,型
5574,プログラミング
5575,発展
5576,手続き
5577,型
5578,プログラミング
5579,発展
5580,手続き
5581,型
5582,プログラミング
5583,発展
5584,オブジェクト
5585,指向
5586,プログラミング
5587,オブジェクト
5588,指向
5589,プログラミング
5590,オブジェクト
5591,指向
5592,プログラミング
5593,オブジェクト
5594,指向
5595,プログラミング
5596,オブジェクト
5597,指向
5598,プログラミング
5599,プログラミング
5600,言語
5602,系譜
5604,*
5605,概説
5606,講義
5608,指定
5610,前回
5611,講義
5613,内容
5615,プログラミング
5616,実習
5617,再帰
5618,プログラム
5620,名前
5622,スコープ
5624,高階
5625,手続き
5626,前回
5627,講義
5629,内容
5631,プログラミング
5632,実習
5633,合成
5634,データ
5636,データ
5637,抽象
5638,前回
5639,講義
5641,内容
5643,プログラミング
5644,実習
5645,リスト
5646,処理
5648,変換
5650,フィルタ
5651,リング
5653,畳み込む
5655,前回
5656,講義
5658,内容
5660,プログラミング
5661,実習
5662,代入
5664,閉包
5666,*
5668,前回
5669,講義
5671,内容
5673,プログラミング
5674,実習
5675,環境
5676,モデル
5677,遅延
5678,オブジェクト
5680,ストリーム
5681,前回
5682,講義
5684,内容
5686,プログラミング
5687,実習
5688,継続
5689,*
5690,*
5691,*
5697,*
5698,*
5699,アセンブリ
5700,言語
5701,アセンブリ
5702,言語
5703,アセンブリ
5704,言語
5705,アセンブリ
5706,言語
5707,アセンブリ
5708,言語
5709,アセンブリ
5710,言語
5711,アセンブリ
5712,言語
5713,アセンブリ
5714,言語
5716,ハードウェア
5718,最も
5719,近い
5720,プログラミング
5721,言語
5725,機械
5726,語
5727,命令
5729,バイナリ
5730,表現
5732,基本
5733,的
5735,計算
5736,機
5737,アーキテクチャ
5740,修得
5743,機械
5744,語
5745,命令
5747,バイナリ
5748,表現
5750,基本
5751,的
5753,計算
5754,機
5755,アーキテクチャ
5758,修得
5761,機械
5762,語
5763,命令
5764,機械
5765,語
5766,命令
5767,機械
5768,語
5769,命令
5770,機械
5771,語
5772,命令
5773,機械
5774,語
5775,命令
5776,バイナリ
5777,表現
5778,バイナリ
5779,表現
5780,バイナリ
5781,表現
5782,バイナリ
5783,表現
5784,バイナリ
5785,表現
5786,基本
5787,的
5789,計算
5790,機
5791,アーキテクチャ
5792,基本
5793,的
5795,計算
5796,機
5797,アーキテクチャ
5798,基本
5799,的
5801,計算
5802,機
5803,アーキテクチャ
5804,基本
5805,的
5807,計算
5808,機
5809,アーキテクチャ
5810,基本
5811,的
5813,計算
5814,機
5815,アーキテクチャ
5816,コンパイラ
5817,構成
5818,コンパイラ
5819,構成
5820,コンパイラ
5821,構成
5822,コンパイラ
5823,構成
5824,コンパイラ
5825,構成
5826,手続き
5827,型
5828,プログラミング
5829,基礎
5830,手続き
5831,型
5832,プログラミング
5833,基礎
5834,手続き
5835,型
5836,プログラミング
5837,基礎
5838,手続き
5839,型
5840,プログラミング
5841,基礎
5842,手続き
5843,型
5844,プログラミング
5845,基礎
5846,手続き
5847,型
5848,プログラミング
5849,発展
5850,手続き
5851,型
5852,プログラミング
5853,発展
5854,手続き
5855,型
5856,プログラミング
5857,発展
5858,手続き
5859,型
5860,プログラミング
5861,発展
5862,手続き
5863,型
5864,プログラミング
5865,発展
5866,システム
5867,プログラミング
5868,システム
5869,プログラミング
5870,システム
5871,プログラミング
5872,システム
5873,プログラミング
5874,システム
5875,プログラミング
5876,*
5877,言語
5879,基本
5880,的
5882,文法
5884,機械
5885,語
5886,命令
5888,アセンブリ
5889,命令
5891,ラベル
5893,コメント
5894,アセンブリ
5895,言語
5897,基本
5898,的
5900,文法
5902,機械
5903,語
5904,命令
5906,アセンブリ
5907,命令
5909,ラベル
5911,コメント
5912,命令
5914,データ
5916,バイナリ
5917,表現
5922,*
5924,ラベル
5925,命令
5927,データ
5929,バイナリ
5930,表現
5935,*
5937,ラベル
5938,命令
5940,データ
5942,バイナリ
5943,表現
5950,補数
5952,バイト
5953,オーダ
5955,*
5956,命令
5958,データ
5960,バイナリ
5961,表現
5968,補数
5970,バイト
5971,オーダ
5973,*
5974,*
5976,レジスタ
5978,メモリ
5980,機械
5981,語
5982,命令
5984,プログラム
5985,カウンタ
5987,命令
5988,実行
5989,サイクル
5990,*
5992,レジスタ
5994,メモリ
5996,機械
5997,語
5998,命令
6000,プログラム
6001,カウンタ
6003,命令
6004,実行
6005,サイクル
6006,機械
6007,語
6008,命令
6013,アドレッシング
6014,モード
6016,データ
6017,転送
6018,機械
6019,語
6020,命令
6025,アドレッシング
6026,モード
6028,データ
6029,転送
6030,機械
6031,語
6032,命令
6037,算術
6038,演算
6040,論理
6041,演算
6043,シフト
6044,演算
6045,機械
6046,語
6047,命令
6052,算術
6053,演算
6055,論理
6056,演算
6058,シフト
6059,演算
6060,機械
6061,語
6062,命令
6067,ジャンプ
6068,命令
6070,フラグ
6072,比較
6073,命令
6074,機械
6075,語
6076,命令
6081,ジャンプ
6082,命令
6084,フラグ
6086,比較
6087,命令
6088,機械
6089,語
6090,命令
6095,関数
6096,呼び出し
6098,スタック
6100,スタック
6101,レイアウト
6102,機械
6103,語
6104,命令
6109,関数
6110,呼び出し
6112,スタック
6114,スタック
6115,レイアウト
6117,言語
6120,リンク
6122,関数
6123,呼び出し
6124,規約
6126,言語
6129,リンク
6131,関数
6132,呼び出し
6133,規約
6134,*
6135,形式
6137,*
6139,*
6140,*
6141,*
6143,バイナリ
6144,形式
6146,*
6148,*
6149,*
6150,*
6152,リンク
6155,配置
6157,記号
6158,表
6160,記号
6161,解決
6162,リンク
6165,配置
6167,記号
6168,表
6170,記号
6171,解決
6172,特権
6173,命令
6178,命令
6180,割り込み
6181,特権
6182,命令
6187,命令
6189,割り込み
6190,*
6191,*
6192,*
6198,*
6199,*
6200,手続き
6201,型
6202,プログラミング
6203,発展
6204,手続き
6205,型
6206,プログラミング
6207,発展
6208,手続き
6209,型
6210,プログラミング
6211,発展
6212,手続き
6213,型
6214,プログラミング
6215,発展
6216,手続き
6217,型
6218,プログラミング
6219,発展
6220,手続き
6221,型
6222,プログラミング
6223,発展
6224,手続き
6225,型
6226,プログラミング
6227,発展
6229,言語
6231,手続き
6232,型
6233,プログラミング
6235,発展
6236,的
6238,内容
6241,講義
6243,実習
6245,理論
6247,実践
6249,両面
6251,学ぶ
6254,前半
6257,ポインタ
6258,変数
6260,文字
6261,列
6262,操作
6264,構造
6265,体
6267,メモリ
6268,動的
6269,割当て
6271,学ぶ
6274,後半
6277,前半
6279,内容
6281,踏まえる
6283,アルゴリズム
6285,データ
6286,構造
6288,学ぶ
6290,同時に
6293,規模
6295,プログラム
6297,作成
6299,必要
6301,各種
6302,技法
6305,学ぶ
6310,パズル
6311,ゲーム
6313,パターン
6314,認識
6316,実践
6317,的
6319,情報処理
6321,対象
6328,規模
6330,プログラム
6332,作成
6339,言語
6341,基礎
6342,事項
6345,手続き
6346,型
6347,プログラミング
6348,基礎
6350,*
6358,等
6360,履修
6366,望む
6370,ポインタ
6371,変数
6373,構造
6374,体
6376,メモリ
6377,動的
6378,割当て
6380,用いる
6383,言語
6385,プログラム
6387,作成
6391,できる
6394,与える
6397,問題
6399,解決
6401,最適
6403,アルゴリズム
6405,データ
6406,構造
6408,スタック
6410,キュー
6412,リスト
6414,木
6415,構造
6418,利用
6422,できる
6425,実践
6426,的
6428,情報処理
6430,必要
6434,プログラミング
6437,規模
6438,プログラム
6440,デバッグ
6442,技法
6444,使う
6447,できる
6450,手続き
6451,型
6452,プログラミング
6453,手続き
6454,型
6455,プログラミング
6456,手続き
6457,型
6458,プログラミング
6459,手続き
6460,型
6461,プログラミング
6462,手続き
6463,型
6464,プログラミング
6465,ポインタ
6466,変数
6467,ポインタ
6468,変数
6469,ポインタ
6470,変数
6471,ポインタ
6472,変数
6473,ポインタ
6474,変数
6475,文字
6476,列
6477,操作
6478,文字
6479,列
6480,操作
6481,文字
6482,列
6483,操作
6484,文字
6485,列
6486,操作
6487,文字
6488,列
6489,操作
6490,構造
6491,体
6492,構造
6493,体
6494,構造
6495,体
6496,構造
6497,体
6498,構造
6499,体
6500,メモリ
6501,動的
6502,確保
6503,メモリ
6504,動的
6505,確保
6506,メモリ
6507,動的
6508,確保
6509,メモリ
6510,動的
6511,確保
6512,メモリ
6513,動的
6514,確保
6515,スタック
6516,スタック
6517,スタック
6518,スタック
6519,スタック
6520,キュー
6521,キュー
6522,*
6523,木
6524,構造
6525,木
6526,構造
6527,木
6528,構造
6529,木
6530,構造
6531,木
6532,構造
6533,木
6534,探索
6535,木
6536,探索
6537,木
6538,探索
6539,木
6540,探索
6541,木
6542,探索
6543,アルゴリズム
6544,アルゴリズム
6545,*
6546,構造
6547,データ
6548,構造
6549,データ
6550,構造
6551,データ
6552,構造
6553,データ
6554,構造
6555,計算
6556,量
6557,計算
6558,量
6559,計算
6560,量
6561,計算
6562,量
6563,計算
6564,量
6565,*
6566,手続き
6567,型
6568,プログラミング
6569,基礎
6570,手続き
6571,型
6572,プログラミング
6573,基礎
6574,手続き
6575,型
6576,プログラミング
6577,基礎
6578,手続き
6579,型
6580,プログラミング
6581,基礎
6582,手続き
6583,型
6584,プログラミング
6585,基礎
6586,関数
6587,型
6588,プログラミング
6589,基礎
6590,関数
6591,型
6592,プログラミング
6593,基礎
6594,関数
6595,型
6596,プログラミング
6597,基礎
6598,関数
6599,型
6600,プログラミング
6601,基礎
6602,関数
6603,型
6604,プログラミング
6605,基礎
6606,オブジェクト
6607,指向
6608,プログラミング
6609,オブジェクト
6610,指向
6611,プログラミング
6612,オブジェクト
6613,指向
6614,プログラミング
6615,オブジェクト
6616,指向
6617,プログラミング
6618,オブジェクト
6619,指向
6620,プログラミング
6621,システム
6622,プログラミング
6623,システム
6624,プログラミング
6625,システム
6626,プログラミング
6627,*
6628,並列
6629,プログラミング
6630,並列
6631,プログラミング
6632,並列
6633,プログラミング
6634,並列
6635,プログラミング
6636,並列
6637,プログラミング
6638,基盤
6639,人工
6640,知能
6641,演習
6642,基盤
6643,人工
6644,知能
6645,演習
6646,基盤
6647,人工
6648,知能
6649,演習
6650,基盤
6651,人工
6652,知能
6653,演習
6654,基盤
6655,人工
6656,知能
6657,演習
6658,基盤
6659,データ
6660,サイエンス
6661,演習
6662,基盤
6663,データ
6664,サイエンス
6665,演習
6666,基盤
6667,データ
6668,サイエンス
6669,演習
6670,基盤
6671,データ
6672,サイエンス
6673,演習
6674,基盤
6675,データ
6676,サイエンス
6677,演習
6678,情報
6679,*
6682,情報
6683,*
6686,情報
6687,*
6690,情報
6691,*
6694,情報
6695,*
6698,情報
6699,*
6702,情報
6703,*
6706,情報
6707,*
6710,情報
6711,*
6714,情報
6715,*
6718,プログラミング
6719,創造
6720,演習
6721,プログラミング
6722,創造
6723,演習
6724,プログラミング
6725,創造
6726,演習
6727,プログラミング
6728,創造
6729,演習
6730,プログラミング
6731,創造
6732,演習
6734,実習
6736,発展
6737,的
6738,プログラミング
6741,導入
6743,実習
6744,環境
6746,準備
6748,時間
6749,内
6751,与える
6756,講義
6758,ポインタ
6759,変数
6761,実習
6763,ポインタ
6764,変数
6766,実習
6768,講義
6770,文字
6771,列
6772,操作
6774,実習
6776,文字
6777,列
6778,操作
6780,実習
6782,講義
6784,構造
6785,体
6787,メモリ
6788,動的
6789,割当て
6791,実習
6793,構造
6794,体
6796,メモリ
6797,動的
6798,割当て
6800,実習
6802,講義
6804,スタック
6806,キュー
6808,リスト
6810,実習
6812,スタック
6814,キュー
6816,リスト
6818,実習
6820,講義
6822,木
6823,構造
6825,木
6826,探索
6828,実習
6830,情報処理
6833,発展
6836,プログラム
6837,設計
6839,講義
6842,規模
6843,プログラム
6844,作法
6846,発展
6847,的
6848,話題
6850,実習
6852,情報処理
6855,発展
6858,プログラム
6859,実装
6861,評価
6862,理解
6863,度
6864,確認
6865,*
6866,*
6867,*
6873,*
6874,*
6875,計算
6876,基礎
6877,論
6878,計算
6879,基礎
6880,論
6881,計算
6882,基礎
6883,論
6884,計算
6885,基礎
6886,論
6887,計算
6888,基礎
6889,論
6890,計算
6891,基礎
6892,論
6893,計算
6894,基礎
6895,論
6896,情報
6897,基礎
6898,学
6900,学ぶ
6902,基礎
6903,概念
6905,基
6908,情報
6909,工学
6911,より
6912,高度
6914,概念
6916,理論
6918,基礎
6920,講ずる
6922,計算
6924,原理
6926,計算
6927,モデル
6929,様々
6931,角度
6933,述べる
6936,計算
6939,本質
6941,講義
6946,チューリング
6947,機械
6949,帰納的
6950,関数
6953,計算
6955,計算
6956,可能
6957,性
6959,理論
6961,初等
6962,的
6963,取り扱い
6965,できる
6968,なる
6970,チューリング
6971,機械
6972,チューリング
6973,機械
6974,チューリング
6975,機械
6976,チューリング
6977,機械
6978,チューリング
6979,機械
6980,帰納的
6981,関数
6982,帰納的
6983,関数
6984,帰納的
6985,関数
6986,帰納的
6987,関数
6988,帰納的
6989,関数
6991,計算
6993,計算
6995,計算
6997,計算
6999,計算
7000,計算
7001,可能
7002,性
7003,計算
7004,可能
7005,性
7006,計算
7007,可能
7008,性
7009,計算
7010,可能
7011,性
7012,計算
7013,可能
7014,性
7015,情報
7016,基礎
7017,学
7020,情報
7021,基礎
7022,学
7025,情報
7026,基礎
7027,学
7030,情報
7031,基礎
7032,学
7035,情報
7036,基礎
7037,学
7040,情報
7041,基礎
7042,学
7045,情報
7046,基礎
7047,学
7050,チューリング
7051,機械
7054,チューリング
7055,機械
7059,講義
7061,後
7065,講義
7066,内容
7068,復習
7072,教科書
7074,演習
7075,問題
7077,活用
7082,チューリング
7083,機械
7086,データ
7090,コード
7091,化
7092,講義
7095,指定
7098,チューリング
7099,機械
7102,万能
7103,チューリング
7104,機械
7105,チューリング
7106,機械
7109,計算
7110,可能
7111,性
7112,帰納的
7113,関数
7116,帰納的
7117,関数
7120,帰納的
7121,関数
7124,ゲーデル
7125,数
7127,データ
7129,表現
7130,中間
7131,試験
7132,帰納的
7133,関数
7136,帰納的
7137,関数
7139,計算
7140,可能
7141,性
7142,帰納的
7143,関数
7146,帰納的
7147,関数
7149,計算
7150,可能
7151,性
7153,等価
7154,性
7155,ラムダ
7156,計算
7159,ラムダ
7160,計算
7163,ラムダ
7164,計算
7167,ラムダ
7168,式
7170,データ
7172,表現
7173,ラムダ
7174,計算
7177,ラムダ
7178,計算
7180,計算
7181,可能
7182,性
7183,まとめ
7184,期末
7185,試験
7186,*
7187,*
7188,*
7194,*
7195,*
7196,プログラミング
7197,創造
7198,演習
7199,プログラミング
7200,創造
7201,演習
7202,プログラミング
7203,創造
7204,演習
7205,プログラミング
7206,創造
7207,演習
7208,プログラミング
7209,創造
7210,演習
7211,プログラミング
7212,創造
7213,演習
7214,プログラミング
7215,創造
7216,演習
7218,演習
7220,対象
7221,者
7224,プログラミング
7225,言語
7232,手続き
7233,型
7234,プログラミング
7236,基礎
7237,的
7239,発展
7240,的
7242,内容
7245,習熟
7253,演習
7255,目的
7258,自ら
7259,設定
7265,履修
7266,者
7268,プログラミング
7270,高度
7272,知識
7274,技術
7276,身
7278,着ける
7283,演習
7285,開始
7289,受講
7290,者
7292,担当
7293,教員
7295,相談
7298,プログラミング
7302,設定
7305,履修
7306,者
7309,演習
7313,設定
7318,達成
7320,向ける
7322,取組
7324,行う
7328,例
7331,例
7333,限る
7338,新しい
7339,ソフトウェア
7341,設計
7343,実装
7348,作成
7351,ソフトウェア
7354,発展
7356,プログラミング
7357,コンテスト
7359,セキュリティ
7360,コンテスト
7362,向ける
7364,実習
7366,演習
7370,プログラミング
7372,創造
7373,的
7377,設定
7379,力
7381,加える
7385,達成
7387,必要
7389,知識
7391,技術
7393,取得
7396,履修
7397,者
7399,プログラミング
7401,高度
7403,知識
7405,技術
7407,身
7409,着ける
7411,プログラミング
7412,プログラミング
7413,プロ
7414,*
7415,開発
7416,ソフトウェア
7417,開発
7418,ソフトウェア
7419,開発
7420,ソフトウェア
7421,開発
7422,ソフトウェア
7423,開発
7424,プログラミング
7425,コンテスト
7426,プログラミング
7427,コンテスト
7428,プログラミング
7429,コンテスト
7430,プログラミング
7431,コンテスト
7432,プログラミング
7433,コンテスト
7434,サイ
7435,バー
7436,セキュリティ
7437,コンテスト
7438,サイ
7439,バー
7440,セキュリティ
7441,コンテスト
7442,サイ
7443,バー
7444,セキュリティ
7445,コンテスト
7446,サイ
7447,バー
7448,セキュリティ
7449,*
7450,手続き
7451,型
7452,プログラミング
7453,基礎
7454,手続き
7455,型
7456,プログラミング
7457,基礎
7458,手続き
7459,型
7460,プログラミング
7461,基礎
7462,手続き
7463,型
7464,プログラミング
7465,基礎
7466,手続き
7467,型
7468,プログラミング
7469,基礎
7470,手続き
7471,型
7472,プログラミング
7473,発展
7474,手続き
7475,型
7476,プログラミング
7477,発展
7478,手続き
7479,型
7480,プログラミング
7481,発展
7482,手続き
7483,型
7484,プログラミング
7485,発展
7486,手続き
7487,型
7488,プログラミング
7489,発展
7490,演習
7492,進め方
7495,説明
7497,設定
7498,方法
7500,演習
7502,進め方
7504,理解
7507,設定
7510,設定
7515,取組む
7518,達成
7520,向ける
7522,取組
7523,み
7525,行う
7526,中間
7527,報告
7528,会
7529,準備
7532,達成
7533,状況
7534,等
7536,報告
7539,実行
7541,整理
7543,中間
7544,報告
7545,会
7548,達成
7549,状況
7550,等
7552,報告
7554,行う
7558,取組む
7561,達成
7563,向ける
7565,取組
7566,み
7568,行う
7569,最終
7570,報告
7571,会
7572,準備
7575,達成
7576,状況
7577,等
7579,報告
7582,実行
7584,整理
7586,最終
7587,報告
7588,会
7589,最終
7590,的
7594,達成
7595,状況
7596,等
7598,報告
7600,行う
7601,*
7602,*
7603,*
7609,*
7610,*
7611,情報
7612,論理
7613,情報
7614,論理
7615,情報
7616,論理
7617,情報
7618,論理
7619,情報
7620,論理
7621,情報
7622,論理
7623,情報
7624,論理
7625,*
7626,*
7627,*
7633,*
7634,*
7635,コンピュータネットワーク
7636,コンピュータネットワーク
7637,コンピュータネットワーク
7638,コンピュータネットワーク
7639,コンピュータネットワーク
7640,コンピュータネットワーク
7641,コンピュータネットワーク
7642,今や
7643,スマート
7644,フォン
7649,*
7651,他国
7653,*
7655,アクセス
7659,日常
7660,生活
7662,一部
7664,なる
7670,背景
7673,無数
7675,革新
7676,的
7678,要素
7679,技術
7681,絶妙
7683,バランス
7685,統合
7692,講義
7695,それぞれ
7697,要素
7698,技術
7700,歴史
7701,的
7702,背景
7704,基本
7705,原理
7707,長所
7709,短所
7711,堅牢
7712,性
7714,拡張
7715,性
7717,背景
7719,ある
7720,考え方
7722,学習
7726,普段
7727,なにげない
7728,使う
7731,計算
7732,機
7733,ネットワーク
7735,本質
7736,的
7738,理解
7740,深める
7742,より
7743,発展
7744,的
7746,ネットワーク
7748,業務
7750,研究
7752,遂行
7754,ため
7756,素地
7758,提供
7761,計算
7762,機
7763,ネットワーク
7765,参照
7766,モデル
7768,視点
7770,階層
7771,的
7773,説明
7774,できる
7777,なる
7779,有線
7780,伝送
7782,無線
7783,伝送
7785,デジタル
7786,変調
7788,多重
7789,化
7791,原理
7793,説明
7794,できる
7797,なる
7799,データ
7801,誤り
7803,検出
7805,訂正
7806,できる
7809,なる
7811,各々
7813,プロトコル
7815,短所
7817,限界
7819,理解
7822,適切
7824,選択
7825,できる
7828,なる
7830,パケット
7831,交換
7832,方式
7834,ルーティング
7836,*
7838,*
7840,基本
7841,概念
7843,理解
7848,要素
7849,技術
7851,意義
7853,説明
7854,できる
7857,なる
7859,暗号
7860,化
7861,技術
7863,原理
7865,理解
7869,脆弱
7870,性
7872,判断
7873,できる
7876,なる
7878,デジタル
7879,変調
7880,デジタル
7881,変調
7882,デジタル
7883,変調
7884,デジタル
7885,変調
7886,デジタル
7887,変調
7888,多重
7889,化
7890,多重
7891,化
7892,多重
7893,化
7894,多重
7895,化
7896,多重
7897,化
7898,誤り
7899,検出
7900,誤り
7901,検出
7902,誤り
7903,検出
7904,誤り
7905,検出
7906,誤り
7907,検出
7908,誤り
7909,訂正
7910,誤り
7911,訂正
7912,誤り
7913,訂正
7914,誤り
7915,訂正
7916,誤り
7917,訂正
7918,チャネル
7919,割り当て
7920,問題
7921,チャネル
7922,割り当て
7923,問題
7924,チャネル
7925,割り当て
7926,問題
7927,チャネル
7928,割り当て
7929,問題
7930,チャネル
7931,割り当て
7932,問題
7933,*
7934,*
7935,ネット
7936,*
7937,無線
7941,無線
7945,無線
7949,無線
7953,無線
7954,*
7955,スイッチング
7956,スイッチング
7957,スイッチング
7958,スイッチング
7959,スイッチング
7960,ルーティング
7961,*
7962,輻輳
7963,制御
7964,輻輳
7965,制御
7966,輻輳
7967,制御
7968,輻輳
7969,制御
7970,輻輳
7971,制御
7992,*
7993,電子
7994,メール
7995,電子
7996,メール
7997,電子
7998,メール
7999,電子
8000,メール
8001,電子
8002,メール
8003,ウェブ
8004,ウェブ
8005,ウェブ
8006,ウェブ
8007,ウェブ
8008,ネットワーク
8009,セキュリティ
8010,ネットワーク
8011,セキュリティ
8012,ネットワーク
8013,セキュリティ
8014,*
8015,対称
8016,鍵
8017,暗号
8018,対称
8019,鍵
8020,暗号
8021,対称
8022,鍵
8023,暗号
8024,対称
8025,鍵
8026,暗号
8027,対称
8028,鍵
8029,暗号
8030,公開
8031,鍵
8032,暗号
8033,公開
8034,鍵
8035,暗号
8036,公開
8037,鍵
8038,暗号
8039,公開
8040,鍵
8041,暗号
8042,公開
8043,鍵
8044,暗号
8045,デジタル
8046,署名
8047,デジタル
8048,署名
8049,デジタル
8050,署名
8051,デジタル
8052,署名
8053,デジタル
8054,署名
8055,認証
8056,プロトコル
8057,認証
8058,プロトコル
8059,認証
8060,プロトコル
8061,認証
8062,プロトコル
8063,認証
8064,プロトコル
8065,数理
8066,計画
8067,法
8068,数理
8069,計画
8070,法
8071,数理
8072,計画
8073,法
8074,数理
8075,計画
8076,法
8077,数理
8078,計画
8079,法
8080,オペレーティングシステム
8081,オペレーティングシステム
8082,オペレーティングシステム
8083,オペレーティングシステム
8084,オペレーティングシステム
8085,無線
8086,通信
8087,システム
8088,無線
8089,通信
8090,システム
8091,無線
8092,通信
8093,システム
8094,無線
8095,通信
8096,システム
8097,無線
8098,通信
8099,システム
8100,ネットワーク
8101,基礎
8102,知識
8104,*
8106,*
8108,プロトコル
8110,階層
8111,化
8112,プロトコル
8114,階層
8115,化
8117,*
8118,参照
8119,モデル
8121,各層
8123,役割
8125,説明
8126,できる
8127,ネットワーク
8128,基礎
8129,知識
8131,*
8133,*
8135,ネットワーク
8137,構成
8138,要素
8139,通信
8140,方針
8142,分類
8144,できる
8146,*
8148,ブリッジ
8150,*
8152,違い
8154,説明
8155,できる
8156,*
8158,*
8159,基礎
8160,知識
8161,*
8163,*
8164,*
8166,*
8167,プロトコル
8169,階層
8170,モデル
8171,*
8173,*
8175,インターネット
8177,関係
8179,理解
8182,プロトコル
8184,階層
8185,モデル
8187,通信
8188,例
8190,挙げる
8192,データリンク
8194,*
8196,*
8198,*
8200,無線
8201,通信
8202,*
8204,フレーム
8205,フォーマット
8207,理解
8208,できる
8210,*
8212,*
8214,無線
8215,通信
8217,規格
8219,特性
8221,評価
8222,できる
8223,データリンク
8225,*
8227,*
8228,*
8230,公衆
8231,アクセス
8232,網
8233,*
8235,フレーム
8236,フォーマット
8238,理解
8239,できる
8241,公衆
8242,アクセス
8243,網
8245,規格
8247,特性
8249,評価
8250,できる
8253,プロトコル
8255,*
8257,*
8258,*
8259,アドレス
8261,*
8263,分割
8264,処理
8267,アドレス
8269,役割
8271,理解
8273,ルーティング
8275,挙動
8277,予測
8278,できる
8282,*
8284,分割
8285,処理
8287,できる
8288,中間
8289,試験
8290,*
8292,*
8303,理解
8304,度
8305,確認
8307,到達
8308,度
8309,自己
8310,評価
8314,関連
8316,技術
8317,*
8319,*
8320,*
8322,*
8324,*
8326,*
8328,*
8330,*
8332,*
8334,*
8336,*
8338,仕組み
8340,役割
8342,説明
8343,できる
8344,*
8346,*
8348,*
8350,*
8352,トランスポート
8353,層
8355,役割
8357,ポート
8358,番号
8359,トランスポート
8360,層
8362,役割
8364,理解
8369,アドレス
8371,ポート
8372,番号
8374,識別
8376,できる
8377,*
8379,*
8381,*
8383,*
8384,*
8386,*
8387,プロトコル
8388,*
8390,*
8392,違い
8394,理解
8397,再送
8398,制御
8400,輻輳
8401,制御
8403,原理
8405,説明
8406,できる
8407,ルーティング
8408,プロトコル
8409,*
8411,*
8412,*
8414,*
8416,*
8418,*
8419,ルーティング
8420,プロトコル
8422,複数
8423,挙げる
8428,特性
8430,理解
8432,場面
8434,応じる
8436,選択
8437,できる
8438,アプリケーション
8439,プロトコル
8440,*
8442,*
8443,*
8445,*
8447,*
8449,*
8451,*
8452,代表
8453,的
8455,アプリケーション
8456,プロトコル
8458,挙げる
8461,*
8463,*
8465,それぞれ
8467,仕組み
8468,理解
8471,使う
8474,できる
8475,セキュリティ
8476,*
8478,*
8480,ファイア
8481,ウォール
8483,暗号
8484,化
8485,技術
8486,暗号
8487,技術
8489,基礎
8491,理解
8494,ネットワーク
8496,安全
8498,使う
8501,できる
8502,期末
8503,試験
8514,理解
8515,度
8516,確認
8518,到達
8519,度
8520,自己
8521,評価
8522,*
8523,*
8524,*
8530,*
8531,*
8532,コンピュータアーキテクチャ
8533,コンピュータアーキテクチャ
8534,コンピュータアーキテクチャ
8535,コンピュータアーキテクチャ
8536,コンピュータアーキテクチャ
8537,コンピュータアーキテクチャ
8538,コンピュータアーキテクチャ
8539,情報
8540,工学
8541,分野
8544,コンピュータ
8546,動作
8547,原理
8549,高性能
8550,化
8552,ため
8554,方式
8556,理解
8560,ハードウェア
8562,ソフトウェア
8564,相互
8565,関係
8567,習得
8571,非常
8573,重要
8577,講義
8581,プロセッサ
8583,メモリ
8585,入出力
8587,マルチプロセッサ
8589,マルチ
8590,コア
8592,コンピュータ
8593,システム
8595,構成
8597,各種
8598,装置
8602,役割
8604,動作
8605,原理
8607,学ぶ
8610,演習
8614,*
8615,*
8616,等
8618,ハードウェア
8619,記述
8620,言語
8622,用いる
8624,*
8626,搭載
8630,ハードウェア
8631,ボード
8632,等
8634,高度
8636,ディジタル
8637,回路
8640,プロセッサ
8642,実装
8645,プログラム
8647,動作
8652,ハードウェア
8654,ソフトウェア
8656,相互
8657,関係
8659,習得
8664,講義
8666,履修
8670,コンピュータ
8671,以下
8673,習得
8677,コンピュータ
8679,動作
8680,原理
8682,高性能
8683,化
8685,ため
8687,アーキテクチャ
8689,プロセッサ
8691,メモリ
8693,入出力
8695,マルチプロセッサ
8697,マルチ
8698,コア
8700,コンピュータ
8701,システム
8703,構成
8705,各種
8706,装置
8708,役割
8710,動作
8711,原理
8713,ハードウェア
8714,記述
8715,言語
8717,用いる
8719,一般
8720,的
8722,コンピュータ
8723,システム
8725,設計
8726,能力
8727,コンピュータアーキテクチャ
8728,コンピュータアーキテクチャ
8729,コンピュータアーキテクチャ
8730,コンピュータアーキテクチャ
8731,コンピュータアーキテクチャ
8732,プロセッサ
8733,プロセッサ
8734,プロセッサ
8735,プロセッサ
8736,プロセッサ
8737,スーパー
8738,スカラ
8739,スーパー
8740,スカラ
8741,スーパー
8742,スカラ
8743,スーパー
8744,スカラ
8745,スーパー
8746,スカラ
8747,キャッシュ
8748,*
8749,階層
8750,メモリ
8751,階層
8752,メモリ
8753,階層
8754,メモリ
8755,階層
8756,メモリ
8757,階層
8758,仮想
8759,記憶
8760,仮想
8761,記憶
8762,仮想
8763,記憶
8764,仮想
8765,記憶
8766,仮想
8767,記憶
8768,マルチプロセッサ
8769,マルチプロセッサ
8770,マルチプロセッサ
8771,マルチプロセッサ
8772,マルチプロセッサ
8773,マルチ
8774,コア
8775,マルチ
8776,*
8777,記述
8778,言語
8779,ハードウェア
8780,記述
8781,言語
8782,ハードウェア
8783,記述
8784,言語
8785,ハードウェア
8786,記述
8787,言語
8788,ハードウェア
8789,記述
8790,言語
8791,*
8792,*
8793,*
8794,*
8795,*
8796,*
8797,論理
8798,回路
8799,理論
8800,論理
8801,回路
8802,理論
8803,論理
8804,回路
8805,理論
8806,論理
8807,回路
8808,理論
8809,論理
8810,回路
8811,理論
8812,アセンブリ
8813,言語
8814,アセンブリ
8815,言語
8816,アセンブリ
8817,言語
8818,アセンブリ
8819,言語
8820,アセンブリ
8821,言語
8822,コンパイラ
8823,構成
8824,コンパイラ
8825,構成
8826,コンパイラ
8827,構成
8828,コンパイラ
8829,構成
8830,コンパイラ
8831,構成
8832,コンピュータ
8833,論理
8834,設計
8835,コンピュータ
8836,論理
8837,設計
8838,コンピュータ
8839,論理
8840,設計
8841,コンピュータ
8842,論理
8843,設計
8844,コンピュータ
8845,論理
8846,設計
8847,先端
8848,コンピュータアーキテクチャ
8849,先端
8850,コンピュータアーキテクチャ
8851,先端
8852,コンピュータアーキテクチャ
8853,先端
8854,コンピュータアーキテクチャ
8855,先端
8856,コンピュータアーキテクチャ
8857,コンピュータ
8859,構成
8861,動作
8862,原理
8863,コンピュータ
8865,構成
8867,動作
8868,原理
8870,理解
8873,コンピュータ
8875,性能
8877,消費
8878,電力
8880,動向
8881,コンピュータ
8883,性能
8885,消費
8886,電力
8888,動向
8890,理解
8893,コンピュータ
8894,設計
8895,演習
8899,コンピュータ
8900,設計
8901,演習
8905,半導体
8906,メモリ
8907,半導体
8908,メモリ
8910,理解
8913,コンピュータ
8914,設計
8915,演習
8919,コンピュータ
8920,設計
8921,演習
8925,キャッシュ
8927,*
8928,方式
8929,*
8930,方式
8932,キャッシュ
8934,理解
8937,キャッシュ
8939,セット
8940,アソシアティブ
8941,方式
8942,セット
8943,アソシアティブ
8944,方式
8946,キャッシュ
8948,理解
8951,コンピュータ
8952,設計
8953,演習
8957,コンピュータ
8958,設計
8959,演習
8963,メモリ
8964,システム
8966,階層
8967,化
8969,信頼
8970,性
8971,メモリ
8972,システム
8974,階層
8975,化
8977,信頼
8978,性
8980,理解
8983,*
8985,理解
8988,コンピュータ
8989,設計
8990,演習
8994,コンピュータ
8995,設計
8996,演習
9000,*
9002,理解
9005,分岐
9006,予測
9007,分岐
9008,予測
9010,理解
9013,コンピュータ
9014,設計
9015,演習
9019,コンピュータ
9020,設計
9021,演習
9025,*
9027,*
9029,データ
9030,レベル
9031,並列
9032,性
9033,*
9035,*
9037,データ
9038,レベル
9039,並列
9040,性
9042,理解
9045,仮想
9046,記憶
9048,セキュリティ
9049,仮想
9050,記憶
9052,セキュリティ
9054,理解
9057,コンピュータ
9058,設計
9059,演習
9063,コンピュータ
9064,設計
9065,演習
9069,入出力
9071,バス
9072,入出力
9074,バス
9076,理解
9079,相互
9080,接続
9081,ネットワーク
9082,相互
9083,接続
9084,ネットワーク
9086,理解
9089,コンピュータ
9090,設計
9091,演習
9095,コンピュータ
9096,設計
9097,演習
9101,マルチプロセッサ
9103,*
9105,マルチ
9106,コア
9108,理解
9111,*
9112,*
9113,*
9119,*
9120,*
9121,システム
9122,プログラミング
9123,システム
9124,プログラミング
9125,システム
9126,プログラミング
9127,システム
9128,プログラミング
9129,システム
9130,プログラミング
9131,*
9132,*
9134,はじめ
9137,オペレーティングシステム
9139,提供
9141,システム
9142,コール
9146,利用
9149,プログラミング
9150,法
9152,理解
9155,特に
9157,プロセス
9159,プロセス
9160,間
9161,通信
9163,概念
9165,ファイル
9166,抽象
9168,ソケット
9169,通信
9171,基礎
9173,学習
9176,実際
9178,プログラミング
9179,言語
9181,プログラミング
9183,実践
9186,システム
9187,コール
9189,利用
9192,プログラム
9194,記述
9195,できる
9198,特に
9200,プロセス
9202,プロセス
9203,間
9204,通信
9206,概念
9208,ファイル
9209,抽象
9211,ソケット
9212,通信
9214,概念
9216,理解
9221,利用
9224,プログラム
9226,記述
9227,できる
9230,システム
9231,コール
9232,システム
9233,コール
9234,システム
9235,コール
9236,システム
9237,コール
9238,システム
9239,コール
9240,*
9241,通信
9242,ソケット
9243,通信
9244,ソケット
9245,通信
9246,ソケット
9247,通信
9248,ソケット
9249,通信
9250,シグナル
9251,*
9252,支援
9253,ツール
9254,プログラミング
9255,支援
9256,ツール
9257,プログラミング
9258,支援
9259,ツール
9260,プログラミング
9261,支援
9262,ツール
9263,プログラミング
9264,支援
9265,ツール
9266,*
9267,手続き
9268,型
9269,プログラミング
9270,基礎
9271,手続き
9272,型
9273,プログラミング
9274,基礎
9275,手続き
9276,型
9277,プログラミング
9278,基礎
9279,手続き
9280,型
9281,プログラミング
9282,基礎
9283,手続き
9284,型
9285,プログラミング
9286,基礎
9287,手続き
9288,型
9289,プログラミング
9290,発展
9291,手続き
9292,型
9293,プログラミング
9294,発展
9295,手続き
9296,型
9297,プログラミング
9298,発展
9299,手続き
9300,型
9301,プログラミング
9302,発展
9303,手続き
9304,型
9305,プログラミング
9306,発展
9307,アセンブリ
9308,言語
9309,アセンブリ
9310,言語
9311,アセンブリ
9312,言語
9313,アセンブリ
9314,言語
9315,アセンブリ
9316,言語
9317,並列
9318,プログラミング
9319,並列
9320,プログラミング
9321,並列
9322,プログラミング
9323,並列
9324,プログラミング
9325,並列
9326,プログラミング
9327,システム
9328,ソフトウェアシステム
9329,ソフトウェアシステム
9330,ソフトウェアシステム
9331,ソフトウェアシステム
9332,*
9333,演習
9335,*
9336,環境
9337,演習
9339,*
9340,環境
9341,入出力
9343,ファイル
9344,抽象
9345,入出力
9347,ファイル
9348,抽象
9349,演習
9351,入出力
9353,ファイル
9354,抽象
9355,演習
9357,入出力
9359,ファイル
9360,抽象
9361,プロセス
9363,フォーク
9364,プロセス
9366,*
9367,演習
9369,プロセス
9370,基礎
9371,演習
9373,プロセス
9374,基礎
9375,演習
9377,プロセス
9378,発展
9379,演習
9381,プロセス
9382,発展
9383,シグナル
9385,ソケット
9386,通信
9387,シグナル
9389,ソケット
9390,通信
9391,演習
9393,シグナル
9395,ソケット
9396,通信
9397,演習
9399,シグナル
9401,ソケット
9402,通信
9403,メモリ
9404,管理
9405,メモリ
9406,管理
9407,演習
9409,メモリ
9410,管理
9411,演習
9413,メモリ
9414,管理
9415,システム
9416,*
9417,演習
9419,*
9420,演習
9422,*
9423,*
9424,*
9425,*
9431,*
9432,*
9433,データベース
9434,データベース
9435,データベース
9436,*
9438,講義
9441,今や
9442,情報
9443,システム
9445,最も
9446,重要
9448,基盤
9450,一つ
9452,位置づける
9454,データベースシステム
9456,概念
9458,モデル
9460,技術
9462,包括
9463,的
9465,導入
9467,目指す
9472,講義
9476,まず
9477,関係
9478,代数
9480,関係
9481,論理
9483,正規
9484,形
9486,含む
9487,関係
9488,モデル
9490,論じる
9493,*
9495,概念
9496,設計
9498,*
9500,含む
9501,問い合わせ
9502,言語
9504,同時
9505,実行
9506,制御
9508,障害
9509,回復
9511,含む
9512,重要
9514,概念
9517,トランザクション
9519,述べる
9523,データ
9525,格納
9526,方法
9528,索引
9531,問い合わせ
9532,処理
9534,技術
9537,取り扱う
9539,オブジェクト
9540,指向
9541,データベース
9543,*
9544,データベース
9546,*
9547,データベース
9549,最近
9551,トレンド
9554,紹介
9558,講義
9560,履修
9564,以下
9566,習得
9571,データベース
9573,基本
9574,概念
9576,モデル
9578,理解
9581,要求
9583,満たす
9584,正規
9585,形
9587,データベース
9589,設計
9592,データベース
9594,適切
9596,問い合わせ
9598,記述
9601,トランザクション
9603,同時
9604,実行
9605,制御
9607,障害
9608,回復
9610,取り扱い
9613,データ
9614,格納
9615,方法
9617,索引
9619,問い合わせ
9620,処理
9622,技法
9624,活用
9627,データベース
9629,最近
9631,トレンド
9633,知識
9634,関係
9635,モデル
9636,関係
9637,モデル
9638,関係
9639,モデル
9640,関係
9641,モデル
9642,関係
9643,モデル
9644,関係
9645,代数
9646,関係
9647,代数
9648,関係
9649,代数
9650,関係
9651,代数
9652,関係
9653,代数
9654,関係
9655,論理
9656,関係
9657,論理
9658,関係
9659,論理
9660,関係
9661,論理
9662,関係
9663,論理
9664,正規
9665,形
9666,正規
9667,形
9668,正規
9669,形
9670,正規
9671,形
9672,正規
9673,形
9674,概念
9675,設計
9676,概念
9677,設計
9678,概念
9679,設計
9680,概念
9681,設計
9682,概念
9683,設計
9684,問い合わせ
9685,言語
9686,問い合わせ
9687,言語
9688,問い合わせ
9689,言語
9690,問い合わせ
9691,言語
9692,問い合わせ
9693,言語
9694,*
9695,トランザクション
9696,トランザクション
9697,*
9698,同時
9699,実行
9700,制御
9701,同時
9702,実行
9703,制御
9704,同時
9705,実行
9706,制御
9707,同時
9708,実行
9709,制御
9710,同時
9711,実行
9712,制御
9713,障害
9714,回復
9715,障害
9716,回復
9717,障害
9718,回復
9719,障害
9720,回復
9721,障害
9722,回復
9723,データ
9724,格納
9725,方法
9726,データ
9727,格納
9728,方法
9729,データ
9730,格納
9731,方法
9732,データ
9733,格納
9734,方法
9735,データ
9736,格納
9737,方法
9738,索引
9739,索引
9740,索引
9741,索引
9742,索引
9743,問い合わせ
9744,処理
9745,問い合わせ
9746,処理
9747,問い合わせ
9748,処理
9749,問い合わせ
9750,処理
9751,問い合わせ
9752,処理
9753,オブジェクト
9754,指向
9755,データベース
9756,オブジェクト
9757,指向
9758,データベース
9759,オブジェクト
9760,指向
9761,データベース
9762,オブジェクト
9763,指向
9764,データベース
9765,オブジェクト
9766,指向
9767,データベース
9771,データベース
9775,データベース
9779,データベース
9783,データベース
9787,データベース
9791,データベース
9795,データベース
9799,データベース
9803,データベース
9807,データベース
9808,プログラミング
9811,プログラミング
9814,プログラミング
9817,プログラミング
9820,プログラミング
9823,プログラミング
9826,プログラミング
9829,プログラミング
9832,プログラミング
9835,プログラミング
9838,数理
9839,論
9840,理学
9841,数理
9842,論
9843,理学
9844,数理
9845,論
9846,理学
9847,数理
9848,論
9849,理学
9850,数理
9851,論
9852,理学
9853,オペレーティングシステム
9854,オペレーティングシステム
9855,オペレーティングシステム
9856,オペレーティングシステム
9857,オペレーティングシステム
9858,イントロダクション
9860,データベース
9862,基本
9863,概念
9865,データモデル
9867,関係
9868,モデル
9869,データベース
9871,概念
9873,理解
9874,関係
9875,モデル
9877,関係
9878,代数
9879,関係
9880,代数
9882,理解
9883,関係
9884,モデル
9886,関係
9887,論理
9889,正規
9890,形
9891,関係
9892,論理
9894,正規
9895,形
9897,理解
9898,実体
9899,関連
9900,モデル
9902,データ
9903,定義
9904,言語
9906,データ
9907,操作
9908,言語
9910,関係
9911,完備
9912,概念
9913,モデル
9915,データ
9916,定義
9918,操作
9919,言語
9921,理解
9922,問い合わせ
9923,記述
9925,*
9927,*
9930,集約
9931,演算
9932,問い合わせ
9933,記述
9934,更新
9935,記述
9937,データ
9938,定義
9940,*
9941,更新
9943,データ
9944,定義
9946,記述
9947,中間
9948,試験
9949,前半
9950,項目
9952,理解
9954,確認
9955,トランザクション
9958,*
9959,性
9963,ロック
9965,階層
9966,ロック
9967,トランザクション
9969,概念
9971,理解
9972,トランザクション
9975,時刻
9976,印
9977,方式
9979,多
9980,版
9981,管理
9983,障害
9984,回復
9986,*
9987,障害
9988,回復
9989,方法
9991,理解
9992,データ
9993,格納
9994,方法
9996,不揮発
9997,性
9998,記憶
9999,媒体
10001,ページ
10003,レコード
10005,索引
10006,データ
10007,格納
10008,方法
10010,理解
10011,問い合わせ
10012,処理
10015,射影
10016,演算
10018,選択
10019,演算
10021,入れ子
10022,結合
10024,マージ
10025,結合
10026,問い合わせ
10027,処理
10029,理解
10030,問い合わせ
10031,処理
10034,ハッシュ
10035,結合
10037,割り算
10039,集合
10040,積
10042,集合
10043,和
10044,オブジェクト
10045,指向
10046,データベース
10048,*
10049,オブジェクト
10050,指向
10051,モデル
10053,理解
10057,データベース
10059,*
10060,データベース
10061,*
10063,*
10064,データベース
10066,理解
10067,*
10068,*
10069,*
10075,*
10076,*
10077,パターン
10078,認識
10079,パターン
10080,認識
10081,パターン
10082,認識
10083,パターン
10084,認識
10085,パターン
10086,認識
10087,パターン
10088,認識
10089,パターン
10090,認識
10092,講義
10094,生成
10095,モデル
10097,基づく
10098,パターン
10099,認識
10101,数理
10102,的
10104,基礎
10106,提供
10109,生成
10110,モデル
10112,パターン
10113,認識
10115,概念
10117,説明
10118,できる
10120,モデル
10122,記述
10124,必要
10126,なる
10127,数理
10129,理解
10130,できる
10132,講義
10134,説明
10136,パターン
10137,認識
10139,モデル
10141,計算
10142,機
10144,実装
10145,できる
10148,なる
10150,パターン
10151,認識
10152,パターン
10153,認識
10154,パターン
10155,認識
10156,パターン
10157,認識
10158,パターン
10159,認識
10160,統計
10161,的
10162,機械
10163,学習
10164,統計
10165,的
10166,機械
10167,学習
10168,統計
10169,的
10170,機械
10171,学習
10172,統計
10173,的
10174,機械
10175,学習
10176,統計
10177,的
10178,機械
10179,学習
10180,生成
10181,モデル
10182,生成
10183,モデル
10184,生成
10185,モデル
10186,生成
10187,モデル
10188,生成
10189,モデル
10191,尤
10192,推定
10194,尤
10195,推定
10197,尤
10198,推定
10200,尤
10201,推定
10203,尤
10204,推定
10205,ベイズ
10206,推定
10207,ベイズ
10208,推定
10209,ベイズ
10210,推定
10211,ベイズ
10212,推定
10213,ベイズ
10214,推定
10215,関数
10216,解析
10217,学
10218,関数
10219,解析
10220,学
10221,関数
10222,解析
10223,学
10224,関数
10225,解析
10226,学
10227,関数
10228,解析
10229,学
10230,確率
10231,論
10233,統計
10234,学
10235,確率
10236,論
10238,統計
10239,学
10240,確率
10241,論
10243,統計
10244,学
10245,確率
10246,論
10248,統計
10249,学
10250,確率
10251,論
10253,統計
10254,学
10255,人工
10256,知能
10257,人工
10258,知能
10259,人工
10260,知能
10261,人工
10262,知能
10263,人工
10264,知能
10265,生命
10266,情報
10267,解析
10268,生命
10269,情報
10270,解析
10271,生命
10272,情報
10273,解析
10274,生命
10275,情報
10276,解析
10277,生命
10278,情報
10279,解析
10280,パターン
10281,認識
10288,講義
10289,前
10291,精読
10292,統計
10293,的
10294,パターン
10295,認識
10297,基礎
10298,識別
10299,関数
10301,よい
10304,測る
10305,規準
10310,講義
10311,前
10313,精読
10315,尤
10316,推定
10317,法
10322,講義
10323,前
10325,精読
10326,線形
10327,判別
10328,分析
10330,*
10331,書き
10332,*
10333,認識
10339,講義
10340,前
10342,精読
10344,尤
10345,推定
10347,モデル
10348,選択
10353,講義
10354,前
10356,精読
10358,尤
10359,推定
10361,理論
10362,的
10363,性質
10368,講義
10369,前
10371,精読
10372,混合
10373,モデル
10377,尤
10378,推定
10383,講義
10384,前
10386,精読
10387,線形
10388,判別
10389,分析
10391,*
10392,書き
10393,*
10394,認識
10400,講義
10401,前
10403,精読
10404,ベイズ
10405,推定
10410,講義
10411,前
10413,精読
10414,ベイズ
10415,推定
10417,数値
10418,計算
10419,法
10425,講義
10426,前
10428,精読
10429,ベイズ
10430,推定
10432,モデル
10433,選択
10435,近似
10436,的
10438,推論
10439,法
10445,講義
10446,前
10448,精読
10449,カーネル
10450,密度
10451,推定
10457,講義
10458,前
10460,精読
10461,最近
10462,傍
10463,密度
10464,推定
10465,法
10471,講義
10472,前
10474,精読
10475,*
10476,*
10477,*
10483,*
10484,*
10485,動的
10486,システム
10487,動的
10488,システム
10489,動的
10490,システム
10491,動的
10492,システム
10493,動的
10494,システム
10495,動的
10496,システム
10497,動的
10498,システム
10499,*
10500,時代
10502,*
10504,*
10507,注目
10509,集まる
10511,ある
10516,背景
10518,中
10521,情報
10522,工学
10524,学ぶ
10527,計算
10528,機
10530,サイ
10531,バー
10537,世界
10539,フィジカル
10542,モデル
10543,化
10546,理解
10548,深める
10549,必要
10551,ある
10559,世界
10561,動的
10562,システム
10564,表現
10566,解析
10568,ため
10570,基礎
10572,習得
10575,具体
10576,的
10580,状態
10581,方程式
10583,伝達
10584,関数
10586,システム
10587,表現
10593,対応
10595,解析
10596,手法
10598,基礎
10599,知識
10601,学習
10605,講義
10607,履修
10612,以下
10614,知識
10616,能力
10618,修得
10623,動的
10624,システム
10626,全体
10627,像
10629,理解
10634,動的
10635,システム
10637,システム
10638,表現
10640,システム
10641,解析
10643,基礎
10645,習得
10650,状態
10651,空間
10653,伝達
10654,関数
10656,用いる
10657,モデリング
10659,方法
10660,論
10662,身
10664,つける
10668,状態
10669,空間
10671,伝達
10672,関数
10674,システム
10675,解析
10677,方法
10678,論
10680,身
10682,つける
10686,数値
10687,解析
10689,動的
10690,システム
10692,振舞い
10694,可視
10695,化
10696,できる
10698,動的
10699,システム
10700,動的
10701,システム
10702,動的
10703,システム
10704,動的
10705,システム
10706,動的
10707,システム
10708,システム
10709,表現
10710,システム
10711,表現
10712,システム
10713,表現
10714,システム
10715,表現
10716,システム
10717,表現
10718,システム
10719,解析
10720,システム
10721,解析
10722,システム
10723,解析
10724,システム
10725,解析
10726,システム
10727,解析
10728,状態
10729,空間
10730,状態
10731,空間
10732,状態
10733,空間
10734,状態
10735,空間
10736,状態
10737,空間
10738,状態
10739,方程式
10740,状態
10741,方程式
10742,状態
10743,方程式
10744,状態
10745,方程式
10746,状態
10747,方程式
10748,*
10749,同型
10750,性
10751,同型
10752,性
10753,同型
10754,性
10755,同型
10756,性
10757,同型
10758,性
10761,系
10764,系
10767,系
10770,系
10773,系
10776,系
10779,系
10782,系
10785,系
10788,系
10789,安定
10790,性
10791,安定
10792,性
10793,安定
10794,性
10795,安定
10796,性
10797,安定
10798,性
10799,伝達
10800,関数
10801,伝達
10802,関数
10803,伝達
10804,関数
10805,伝達
10806,関数
10807,伝達
10808,関数
10809,ブロック
10810,線
10811,図
10812,ブロック
10813,線
10814,図
10815,ブロック
10816,線
10817,図
10818,ブロック
10819,線
10820,図
10821,ブロック
10822,線
10823,図
10824,過渡
10825,応答
10826,過渡
10827,応答
10828,過渡
10829,応答
10830,過渡
10831,応答
10832,過渡
10833,応答
10834,周波数
10835,応答
10836,周波数
10837,応答
10838,周波数
10839,応答
10840,周波数
10841,応答
10842,周波数
10843,応答
10844,数値
10845,解析
10846,数値
10847,解析
10848,数値
10849,解析
10850,数値
10851,解析
10852,数値
10853,解析
10854,非線形
10855,システム
10856,非線形
10857,システム
10858,非線形
10859,システム
10860,非線形
10861,システム
10862,非線形
10863,システム
10864,サイ
10865,バー
10866,フィジカル
10867,システム
10868,サイ
10869,バー
10870,フィジカル
10871,システム
10872,サイ
10873,バー
10874,フィジカル
10875,システム
10876,サイ
10877,*
10878,数値
10879,計算
10880,法
10881,数値
10882,計算
10883,法
10884,数値
10885,計算
10886,法
10887,数値
10888,計算
10889,法
10890,数値
10891,計算
10892,法
10893,システム
10894,解析
10895,システム
10896,解析
10897,システム
10898,解析
10899,システム
10900,解析
10901,システム
10902,解析
10903,システム
10904,制御
10905,システム
10906,制御
10907,システム
10908,制御
10909,システム
10910,制御
10911,システム
10912,制御
10913,問題
10914,解決
10916,意思
10917,決定
10918,問題
10919,解決
10921,意思
10922,決定
10923,問題
10924,解決
10926,意思
10927,決定
10928,問題
10929,解決
10931,意思
10932,決定
10933,問題
10934,解決
10936,意思
10937,決定
10938,非線形
10939,システム
10940,非線形
10941,システム
10942,非線形
10943,システム
10944,非線形
10945,システム
10946,非線形
10947,システム
10948,連続
10949,系
10951,モデリング
10952,連続
10953,系
10955,モデリング
10956,連続
10957,系
10959,モデリング
10960,連続
10961,系
10963,モデリング
10964,連続
10965,系
10967,モデリング
10968,連続
10969,系
10971,モデリング
10972,連続
10973,系
10975,モデリング
10976,連続
10977,系
10979,モデリング
10980,連続
10981,系
10983,モデリング
10984,連続
10985,系
10987,モデリング
10988,はじめ
10991,動的
10992,システム
10994,学ぶ
10997,*
10999,*
11001,状態
11002,空間
11003,表現
11005,状態
11006,方程式
11008,線形
11009,代数
11011,基礎
11012,状態
11013,空間
11014,表現
11016,状態
11017,方程式
11019,解
11021,状態
11022,空間
11024,軌道
11025,状態
11026,空間
11027,表現
11029,安定
11030,性
11033,制御
11034,性
11037,観測
11038,性
11039,状態
11040,空間
11041,表現
11043,状態
11044,フィードバック
11046,*
11047,小
11048,テスト
11049,伝達
11050,関数
11051,表現
11053,伝達
11054,関数
11056,ラプラス
11057,変換
11059,基礎
11060,伝達
11061,関数
11062,表現
11064,システム
11066,応答
11067,特性
11069,安定
11070,性
11072,極
11073,伝達
11074,関数
11075,表現
11077,周波数
11078,応答
11079,伝達
11080,関数
11081,表現
11083,フィードバック
11084,系
11086,安定
11087,性
11089,テスト
11090,数値
11091,解析
11093,フィードバック
11094,制御
11095,系
11096,数値
11097,解析
11099,非線形
11100,システム
11103,展開
11104,おわり
11106,情報
11107,工学
11109,動的
11110,システム
11111,*
11112,*
11113,*
11119,*
11120,*
11121,システム
11122,制御
11123,システム
11124,制御
11125,システム
11126,制御
11127,システム
11128,制御
11129,システム
11130,制御
11131,システム
11132,制御
11133,システム
11134,制御
11135,*
11137,*
11142,情報
11143,通信
11144,技術
11146,用いる
11148,物理
11149,的
11151,機器
11153,自動
11154,制御
11158,基本
11159,的
11161,タスク
11163,１つ
11168,講義
11172,フィードバック
11173,制御
11175,理論
11179,基礎
11181,学ぶ
11183,ラプラス
11184,変換
11186,基礎
11189,フィードバック
11190,制御
11191,系
11193,解析
11194,方法
11196,安定
11197,性
11199,判別
11200,法
11202,サーボ
11203,系
11205,設計
11206,理論
11208,フィードバック
11209,制御
11211,基礎
11213,述べる
11215,フィードバック
11216,制御
11217,系
11219,解析
11221,基礎
11223,理解
11226,周波数
11227,応答
11229,基づく
11230,設計
11231,手法
11233,習得
11237,目標
11243,後半
11246,制御
11247,システム
11249,実装
11251,見据える
11253,ディジタル
11254,制御
11256,基礎
11259,触れる
11261,制御
11262,システム
11264,解析
11266,設計
11268,ため
11270,基礎
11272,学ぶ
11274,以下
11276,事項
11278,理解
11282,フィードバック
11283,制御
11285,利点
11287,周波数
11288,応答
11290,フィードバック
11291,制御
11292,系
11294,内部
11295,安定
11296,性
11298,フィードバック
11299,制御
11300,系
11302,設計
11304,*
11305,補償
11307,位相
11308,進む
11309,遅れ
11310,補償
11312,ディジタル
11313,制御
11315,基礎
11317,数値
11318,計算
11319,ソフト
11320,*
11322,用いる
11324,制御
11325,システム
11327,扱い
11328,フィードバック
11329,制御
11330,フィードバック
11331,制御
11332,フィードバック
11333,制御
11334,フィードバック
11335,制御
11336,フィードバック
11337,制御
11338,動的
11339,システム
11340,動的
11341,システム
11342,動的
11343,システム
11344,動的
11345,システム
11346,動的
11347,システム
11348,伝達
11349,関数
11350,伝達
11351,関数
11352,伝達
11353,関数
11354,伝達
11355,関数
11356,伝達
11357,関数
11358,安定
11359,性
11360,安定
11361,性
11362,安定
11363,性
11364,安定
11365,性
11366,安定
11367,性
11368,周波数
11369,応答
11370,周波数
11371,応答
11372,周波数
11373,応答
11374,周波数
11375,応答
11376,周波数
11377,応答
11378,ボード
11379,線
11380,図
11381,ボード
11382,線
11383,図
11384,ボード
11385,線
11386,図
11387,ボード
11388,線
11389,図
11390,ボード
11391,線
11392,図
11393,制御
11394,系
11395,設計
11396,制御
11397,系
11398,設計
11399,制御
11400,系
11401,設計
11402,制御
11403,系
11404,設計
11405,制御
11406,系
11407,設計
11408,ディジタル
11409,制御
11410,ディジタル
11411,制御
11412,ディジタル
11413,制御
11414,ディジタル
11415,制御
11416,ディジタル
11417,制御
11418,数値
11419,計算
11420,法
11421,数値
11422,計算
11423,法
11424,数値
11425,計算
11426,法
11427,数値
11428,計算
11429,法
11430,数値
11431,計算
11432,法
11433,システム
11434,解析
11435,システム
11436,解析
11437,システム
11438,解析
11439,システム
11440,解析
11441,システム
11442,解析
11443,動的
11444,システム
11445,動的
11446,システム
11447,動的
11448,システム
11449,動的
11450,システム
11451,動的
11452,システム
11453,問題
11454,解決
11456,意思
11457,決定
11458,問題
11459,解決
11461,意思
11462,決定
11463,問題
11464,解決
11466,意思
11467,決定
11468,問題
11469,解決
11471,意思
11472,決定
11473,問題
11474,解決
11476,意思
11477,決定
11478,フィードバック
11479,制御
11482,自動
11483,制御
11485,歴史
11488,先
11489,技術
11491,紹介
11492,システム
11493,モデル
11495,伝達
11496,関数
11497,システム
11498,モデル
11500,伝達
11501,関数
11503,安定
11504,性
11506,判別
11508,*
11509,*
11510,*
11512,使い方
11513,周波数
11514,応答
11518,正弦
11519,波
11520,入力
11522,線形
11523,システム
11525,応答
11527,特徴
11528,づける
11530,周波数
11531,応答
11533,ベクトル
11534,軌跡
11535,周波数
11536,応答
11540,ベクトル
11541,軌跡
11543,ボード
11544,線
11545,図
11546,フィードバック
11547,系
11549,安定
11550,性
11554,ナイキスト
11556,安定
11557,判別
11558,法
11559,フィードバック
11560,系
11562,安定
11563,性
11567,*
11568,余裕
11570,位相
11571,余裕
11574,概念
11575,前半
11577,学力
11578,確認
11579,演習
11580,フィードバック
11581,制御
11582,系
11584,特性
11588,感度
11589,関数
11591,用いる
11593,閉ループ
11594,系
11596,特徴
11598,制御
11599,系
11601,型
11602,フィードバック
11603,制御
11604,系
11606,特性
11610,サーボ
11611,系
11613,設計
11615,ため
11617,基本
11618,原理
11621,内部
11622,モデル
11623,原理
11625,フィードバック
11626,制御
11627,系
11629,設計
11633,*
11634,補償
11636,方法
11637,フィードバック
11638,制御
11639,系
11641,設計
11645,位相
11646,進む
11647,遅れ
11648,補償
11650,方法
11652,ディジタル
11653,制御
11658,はじめ
11660,ディジタル
11661,機器
11663,制御
11664,ディジタル
11665,制御
11670,離散
11672,関
11673,系
11675,表現
11677,解析
11679,変換
11681,差分
11682,方程式
11684,伝達
11685,関数
11686,ディジタル
11687,制御
11692,サンプリング
11694,離散
11695,化
11697,ディジタル
11699,設計
11700,連続
11701,時間
11702,システム
11704,離散
11705,化
11707,制御
11708,器
11710,ディジタル
11712,設計
11713,*
11714,*
11715,*
11721,*
11722,*
11723,コンピュータ
11724,論理
11725,設計
11726,コンピュータ
11727,論理
11728,設計
11729,コンピュータ
11730,論理
11731,設計
11732,コンピュータ
11733,論理
11734,設計
11735,コンピュータ
11736,論理
11737,設計
11738,コンピュータ
11739,論理
11740,設計
11741,コンピュータ
11742,論理
11743,設計
11745,講義
11750,論理
11751,回路
11752,理論
11755,講義
11757,習得
11760,知識
11762,ベース
11765,より
11766,実用
11767,的
11769,ディジタル
11770,回路
11772,学ぶ
11776,簡単
11778,コンピュータ
11780,例題
11783,コンピュータ
11785,基本
11786,原理
11789,論理
11790,設計
11792,方法
11794,学習
11797,演習
11801,学ぶ
11803,組合せ
11804,回路
11806,順序
11807,回路
11809,*
11810,*
11811,等
11813,ハードウェア
11814,記述
11815,言語
11817,記述
11820,シミュレーション
11822,回路
11824,動作
11825,検証
11827,*
11829,搭載
11833,ハードウェア
11834,ボード
11835,等
11837,実装
11840,動作
11841,確認
11843,おこなう
11846,講義
11848,履修
11852,以下
11854,習得
11858,コンピュータ
11859,システム
11861,基本
11862,構成
11864,*
11866,論理
11867,設計
11869,知識
11871,パイプライン
11872,処理
11874,おこなう
11875,プロセッサ
11877,論理
11878,設計
11880,知識
11882,ハードウェア
11883,記述
11884,言語
11886,用いる
11888,シンプル
11890,コンピュータ
11891,システム
11893,設計
11894,能力
11895,コンピュータ
11896,*
11897,命令
11898,セット
11899,アーキテクチャ
11900,命令
11901,セット
11902,アーキテクチャ
11903,命令
11904,セット
11905,アーキテクチャ
11906,命令
11907,セット
11908,アーキテクチャ
11909,命令
11910,セット
11911,アーキテクチャ
11912,プロセッサ
11913,プロ
11914,*
11915,処理
11916,パイプライン
11917,処理
11918,パイプライン
11919,処理
11920,パイプライン
11921,処理
11922,パイプライン
11923,処理
11924,ハードウェア
11925,記述
11926,言語
11927,ハードウェア
11928,記述
11929,言語
11930,ハードウェア
11931,記述
11932,言語
11933,ハードウェア
11934,記述
11935,言語
11936,ハードウェア
11937,記述
11938,言語
11939,*
11940,*
11941,*
11942,*
11943,*
11944,*
11945,論理
11946,回路
11947,理論
11948,論理
11949,回路
11950,理論
11951,論理
11952,回路
11953,理論
11954,論理
11955,回路
11956,理論
11957,論理
11958,回路
11959,理論
11960,アセンブリ
11961,言語
11962,アセンブリ
11963,言語
11964,アセンブリ
11965,言語
11966,アセンブリ
11967,言語
11968,アセンブリ
11969,言語
11970,コンパイラ
11971,構成
11972,コンパイラ
11973,構成
11974,コンパイラ
11975,構成
11976,コンパイラ
11977,構成
11978,コンパイラ
11979,構成
11980,コンピュータアーキテクチャ
11981,コンピュータアーキテクチャ
11982,コンピュータアーキテクチャ
11983,コンピュータアーキテクチャ
11984,コンピュータアーキテクチャ
11985,先端
11986,コンピュータアーキテクチャ
11987,先端
11988,コンピュータアーキテクチャ
11989,先端
11990,コンピュータアーキテクチャ
11991,先端
11992,コンピュータアーキテクチャ
11993,先端
11994,*
11996,基本
11997,構成
11998,コンピュータ
11999,システム
12001,基本
12002,構成
12004,理解
12007,論理
12008,設計
12009,演習
12013,論理
12014,設計
12015,演習
12019,ハードウェア
12020,記述
12021,言語
12023,組合せ
12024,回路
12025,組合せ
12026,回路
12028,記述
12030,理解
12033,ハードウェア
12034,記述
12035,言語
12037,順序
12038,回路
12039,順序
12040,回路
12042,記述
12044,理解
12047,論理
12048,設計
12049,演習
12053,論理
12054,設計
12055,演習
12059,ハードウェア
12060,記述
12061,言語
12063,よく
12064,使う
12066,回路
12067,よく
12068,使う
12070,回路
12072,記述
12074,理解
12077,リ
12078,コン
12079,*
12081,*
12082,ボード
12084,理解
12087,論理
12088,設計
12089,演習
12093,論理
12094,設計
12095,演習
12099,命令
12100,セット
12101,アーキテクチャ
12103,データ
12104,表現
12106,アドレス
12107,指定
12108,形式
12109,*
12111,データ
12112,表現
12114,アドレス
12115,指定
12116,形式
12118,理解
12121,命令
12122,セット
12123,アーキテクチャ
12125,算術
12126,論理
12127,演算
12128,命令
12129,*
12131,算術
12132,論理
12133,演算
12134,命令
12136,理解
12139,論理
12140,設計
12141,演習
12145,論理
12146,設計
12147,演習
12151,命令
12152,セット
12153,アーキテクチャ
12155,ロード
12156,ストア
12157,命令
12159,分岐
12160,命令
12161,*
12163,ロード
12164,ストア
12165,命令
12167,分岐
12168,命令
12170,理解
12173,プロセッサ
12175,基本
12176,構成
12177,要素
12179,算術
12180,論理
12181,演算
12182,ユニット
12183,算術
12184,論理
12185,演算
12186,ユニット
12188,理解
12191,論理
12192,設計
12193,演習
12197,論理
12198,設計
12199,演習
12203,プロセッサ
12205,基本
12206,構成
12207,要素
12209,レジスタ
12210,ファイル
12212,メモリレジスタ
12213,ファイル
12215,メモリ
12217,理解
12220,*
12222,*
12224,データ
12225,パス
12227,理解
12230,論理
12231,設計
12232,演習
12236,論理
12237,設計
12238,演習
12242,*
12244,制御
12245,*
12247,制御
12249,理解
12252,パイプライン
12253,処理
12254,パイプライン
12255,処理
12257,理解
12260,論理
12261,設計
12262,演習
12266,論理
12267,設計
12268,演習
12272,パイプライン
12273,ハザード
12275,*
12277,*
12279,理解
12282,*
12283,*
12284,*
12290,*
12291,*
12292,システム
12293,ソフトウェアシステム
12294,ソフトウェアシステム
12295,ソフトウェアシステム
12296,ソフトウェアシステム
12297,ソフトウェアシステム
12298,ソフトウェアシステム
12299,ソフトウェア
12300,オペレーティングシステム
12302,役割
12304,オペレーティングシステム
12305,カーネル
12307,構成
12309,実現
12310,方式
12313,オペレーティングシステム
12314,カーネル
12316,用いる
12318,アルゴリズム
12320,理解
12323,オペレーティングシステム
12325,中心
12326,概念
12329,カーネル
12331,役割
12335,用いる
12337,アルゴリズム
12339,学ぶ
12341,具体
12342,的
12346,割り込み
12348,カーネル
12350,実現
12351,手法
12353,プロセス
12354,管理
12356,同期
12358,排他
12359,制御
12361,メモリ
12362,管理
12364,ファイル
12365,システム
12370,システム
12373,学ぶ
12377,*
12379,簡素
12380,化
12383,教育
12384,用
12385,オペレーティングシステム
12390,*
12393,版
12396,教材
12402,機構
12407,実現
12412,理解
12417,カーネル
12420,カーネル
12423,カーネル
12426,カーネル
12429,カーネル
12430,システム
12431,コール
12432,システム
12433,コール
12434,システム
12435,コール
12436,システム
12437,コール
12438,システム
12439,コール
12440,プロセス
12441,プロセス
12442,プロセス
12443,プロセス
12444,プロセス
12445,スケジューリング
12446,スケジューリング
12447,*
12448,同期
12449,同期
12450,同期
12451,同期
12452,同期
12453,相互
12454,排除
12455,アルゴリズム
12456,相互
12457,排除
12458,アルゴリズム
12459,相互
12460,排除
12461,アルゴリズム
12462,相互
12463,排除
12464,アルゴリズム
12465,相互
12466,排除
12467,アルゴリズム
12468,メモリ
12469,管理
12470,メモリ
12471,管理
12472,メモリ
12473,管理
12474,メモリ
12475,管理
12476,メモリ
12477,管理
12478,仮想
12479,記憶
12480,仮想
12481,記憶
12482,仮想
12483,記憶
12484,仮想
12485,記憶
12486,仮想
12487,記憶
12488,ファイル
12489,システム
12490,ファイル
12491,システム
12492,*
12493,保護
12494,機構
12495,保護
12496,機構
12497,保護
12498,機構
12499,保護
12500,機構
12501,保護
12502,機構
12503,セキュリティ
12504,機構
12505,セキュリティ
12506,機構
12507,セキュリティ
12508,機構
12509,セキュリティ
12510,機構
12511,セキュリティ
12512,機構
12513,手続き
12514,型
12515,プログラミング
12516,基礎
12517,手続き
12518,型
12519,プログラミング
12520,基礎
12521,手続き
12522,型
12523,プログラミング
12524,基礎
12525,手続き
12526,型
12527,プログラミング
12528,基礎
12529,手続き
12530,型
12531,プログラミング
12532,基礎
12533,手続き
12534,型
12535,プログラミング
12536,発展
12537,手続き
12538,型
12539,プログラミング
12540,発展
12541,手続き
12542,型
12543,プログラミング
12544,発展
12545,手続き
12546,型
12547,プログラミング
12548,発展
12549,手続き
12550,型
12551,プログラミング
12552,発展
12553,システム
12554,プログラミング
12555,システム
12556,プログラミング
12557,システム
12558,プログラミング
12559,システム
12560,*
12561,言語
12562,アセンブリ
12563,言語
12564,アセンブリ
12565,言語
12566,アセンブリ
12567,言語
12568,アセンブリ
12569,言語
12570,コンピュータアーキテクチャ
12571,コンピュータアーキテクチャ
12572,コンピュータアーキテクチャ
12573,コンピュータアーキテクチャ
12574,コンピュータアーキテクチャ
12575,オペレーティングシステム
12577,役割
12579,機能
12580,オペレーティングシステム
12582,役割
12584,機能
12585,*
12586,オペレーティングシステム
12592,概要
12593,*
12594,オペレーティングシステム
12600,概要
12602,理解
12604,割り込み
12606,システム
12607,コール
12608,割り込み
12610,システム
12611,コール
12613,理解
12615,プロセス
12617,*
12622,基本
12623,概念
12625,*
12627,*
12629,基本
12630,概念
12632,マルチ
12633,プロセス
12634,方式
12636,理解
12638,プロセス
12640,*
12645,プロセス
12647,スケジューリング
12648,プロセス
12650,スケジューリング
12651,アルゴリズム
12655,実現
12656,方式
12658,理解
12660,プロセス
12662,*
12667,同期
12669,排他
12670,制御
12671,アルゴリズム
12672,同期
12675,概念
12677,排他
12678,制御
12679,アルゴリズム
12681,理解
12683,プロセス
12685,*
12690,同期
12692,排他
12693,制御
12694,機構
12696,実現
12697,方式
12698,同期
12700,排他
12701,制御
12702,機構
12704,実現
12705,方式
12707,理解
12709,メモリ
12710,管理
12715,メモリ
12716,管理
12718,目的
12720,基本
12721,概念
12722,メモリ
12723,管理
12725,目的
12727,基本
12728,概念
12730,理解
12732,メモリ
12733,管理
12738,仮想
12739,記憶
12740,システム
12742,概要
12744,アルゴリズム
12745,仮想
12746,記憶
12747,システム
12749,概要
12751,関連
12753,アルゴリズム
12755,理解
12757,メモリ
12758,管理
12763,仮想
12764,記憶
12765,システム
12767,実現
12768,方式
12769,仮想
12770,記憶
12771,システム
12773,実現
12774,方式
12776,理解
12778,ファイル
12779,システム
12784,ファイル
12785,システム
12787,目的
12789,基本
12790,概念
12791,ファイル
12792,システム
12794,目的
12796,基本
12797,概念
12799,理解
12801,ファイル
12802,システム
12807,ファイル
12808,管理
12809,アルゴリズム
12810,ファイル
12811,管理
12812,アルゴリズム
12814,理解
12816,ファイル
12817,システム
12822,ファイル
12823,システム
12825,実現
12826,方式
12827,ファイル
12828,システム
12830,実現
12831,方式
12833,理解
12838,システム
12841,実現
12842,方式
12846,システム
12849,実現
12850,方式
12852,理解
12854,*
12855,*
12856,*
12862,*
12863,*
12864,数値
12865,計算
12866,法
12867,数値
12868,計算
12869,法
12870,数値
12871,計算
12872,法
12873,数値
12874,計算
12875,法
12876,数値
12877,計算
12878,法
12879,数値
12880,計算
12881,法
12882,数値
12883,計算
12884,法
12886,世界
12888,微分
12889,方程式
12890,等
12892,用いる
12894,モデル
12895,化
12898,計算
12899,機
12901,用いる
12903,数値
12904,的
12906,解析
12908,シミュレート
12910,ため
12912,基礎
12914,なる
12915,数値
12916,計算
12918,方法
12920,基礎
12922,理解
12926,代表
12927,的
12929,問題
12931,アルゴリズム
12933,学習
12936,応用
12937,できる
12938,基礎
12939,力
12941,養成
12946,世界
12948,モデリング
12950,計算
12951,機
12953,用いる
12955,数値
12956,的
12958,取り扱う
12961,理解
12964,微分
12965,方程式
12967,解析
12968,的
12970,解法
12972,数値
12973,的
12975,解法
12977,理解
12980,数値
12981,計算
12983,重要
12985,問題
12987,誤差
12990,落ち
12991,等
12994,理解
12997,連立
13000,方程式
13002,数値
13003,解法
13005,修得
13008,非線形
13009,方程式
13011,数値
13012,解法
13014,修得
13017,数値
13018,微分
13020,数値
13021,積分
13023,理解
13027,微分
13029,偏
13030,微分
13031,方程式
13033,数値
13034,解法
13036,修得
13039,データ
13041,補間
13043,最小
13045,乗法
13047,手法
13049,修得
13051,連立
13054,方程式
13055,連立
13058,方程式
13059,連立
13062,方程式
13063,連立
13066,方程式
13067,連立
13070,方程式
13072,微分
13073,方程式
13075,微分
13076,方程式
13078,微分
13079,方程式
13081,微分
13082,方程式
13084,微分
13085,方程式
13086,偏
13087,微分
13088,方程式
13089,偏
13090,微分
13091,方程式
13092,偏
13093,微分
13094,方程式
13095,偏
13096,微分
13097,方程式
13098,偏
13099,微分
13100,方程式
13101,数値
13102,積分
13103,数値
13104,積分
13105,数値
13106,積分
13107,数値
13108,積分
13109,数値
13110,積分
13111,非線形
13112,方程式
13113,非線形
13114,方程式
13115,非線形
13116,方程式
13117,非線形
13118,方程式
13119,非線形
13120,方程式
13121,補間
13122,補間
13123,補間
13124,補間
13125,補間
13126,最小
13128,*
13129,法
13130,*
13131,法
13132,*
13133,法
13134,*
13135,法
13136,*
13137,法
13138,誤差
13139,誤差
13140,誤差
13141,誤差
13142,誤差
13143,動的
13144,システム
13145,動的
13146,システム
13147,動的
13148,システム
13149,動的
13150,システム
13151,動的
13152,システム
13153,システム
13154,モデリング
13155,システム
13156,モデリング
13157,システム
13158,モデリング
13159,*
13160,解析
13161,システム
13162,解析
13163,システム
13164,解析
13165,システム
13166,解析
13167,システム
13168,解析
13169,動的
13170,システム
13171,動的
13172,システム
13173,動的
13174,システム
13175,動的
13176,システム
13177,動的
13178,システム
13179,システム
13180,制御
13181,システム
13182,制御
13183,システム
13184,制御
13185,システム
13186,制御
13187,システム
13188,制御
13189,問題
13190,解決
13192,意思
13193,決定
13194,問題
13195,解決
13197,意思
13198,決定
13199,問題
13200,解決
13202,意思
13203,決定
13204,問題
13205,解決
13207,意思
13208,決定
13209,問題
13210,解決
13212,意思
13213,決定
13214,生命
13215,情報
13216,解析
13217,生命
13218,情報
13219,解析
13220,生命
13221,情報
13222,解析
13223,生命
13224,情報
13225,解析
13226,生命
13227,情報
13228,解析
13229,非線形
13230,システム
13231,非線形
13232,システム
13233,非線形
13234,システム
13235,非線形
13236,システム
13237,非線形
13238,システム
13239,連続
13240,系
13242,モデリング
13243,連続
13244,系
13246,モデリング
13247,連続
13248,系
13250,モデリング
13251,連続
13252,系
13254,モデリング
13255,連続
13256,系
13258,モデリング
13259,離散
13260,系
13262,モデリング
13263,離散
13264,系
13266,モデリング
13267,離散
13268,系
13270,モデリング
13271,離散
13272,系
13274,モデリング
13275,離散
13276,系
13278,モデリング
13279,情報
13280,系
13281,グループ
13282,型
13283,問題
13284,解決
13285,演習
13287,情報
13288,生命
13290,情報
13291,系
13292,グループ
13293,型
13294,問題
13295,解決
13296,演習
13298,情報
13299,生命
13301,情報
13302,系
13303,グループ
13304,型
13305,問題
13306,解決
13307,演習
13309,情報
13310,生命
13312,情報
13313,系
13314,グループ
13315,型
13316,問題
13317,解決
13318,演習
13320,情報
13321,生命
13323,情報
13324,系
13325,グループ
13326,型
13327,問題
13328,解決
13329,演習
13331,情報
13332,生命
13334,数値
13335,計算
13336,法
13338,基礎
13343,世界
13345,モデリング
13347,数値
13348,解析
13350,単位
13352,次元
13354,実数
13356,表現
13358,浮動
13359,小数点
13362,誤差
13364,種類
13365,数値
13366,計算
13367,法
13369,基礎
13373,誤差
13375,分析
13378,落ちる
13380,計算
13381,量
13383,刻み
13384,幅
13386,数値
13387,解析
13388,ライブラリ
13390,数値
13391,解析
13392,アプリケーション
13393,数値
13394,微分
13396,数値
13397,積分
13398,差分
13400,台形
13401,則
13403,*
13404,則
13405,非線形
13406,方程式
13408,数値
13409,解法
13412,法
13414,*
13415,法
13417,微分
13418,方程式
13420,解析
13421,的
13423,解法
13426,微分
13427,方程式
13429,数値
13430,解法
13435,微分
13436,方程式
13438,解析
13439,的
13441,解法
13443,数値
13444,計算
13445,法
13448,ない
13449,解法
13453,微分
13454,方程式
13456,初期
13457,値
13458,問題
13460,陽
13461,的
13462,解法
13464,*
13465,法
13467,*
13469,*
13470,法
13472,微分
13473,方程式
13475,数値
13476,解法
13480,硬い
13481,方程式
13483,陰
13484,的
13485,解法
13488,微分
13489,方程式
13491,境界
13492,値
13493,問題
13495,微分
13496,方程式
13498,数値
13499,解法
13506,微分
13507,方程式
13509,動的
13510,システム
13512,モデリング
13514,動的
13515,システム
13517,例
13519,減衰
13520,振動
13522,*
13526,*
13527,方程式
13529,他
13531,連立
13534,方程式
13536,数値
13537,解法
13541,直接
13542,法
13544,*
13546,消去
13547,法
13551,分解
13552,連立
13555,方程式
13557,数値
13558,解法
13562,反復
13563,法
13565,*
13566,反復
13567,法
13569,*
13571,*
13572,法
13574,逐次
13576,緩和
13578,*
13580,法
13581,曲線
13583,推定
13584,法
13588,補間
13590,関数
13591,近似
13593,*
13594,補間
13596,*
13597,補間
13598,曲線
13600,推定
13601,法
13605,最小
13607,乗法
13609,*
13610,偏
13611,微分
13612,方程式
13614,解析
13615,解
13617,数値
13618,解法
13622,偏
13623,微分
13624,方程式
13626,基礎
13628,偏
13629,微分
13630,方程式
13632,解析
13633,解法
13635,数値
13636,計算
13637,法
13640,ない
13641,解法
13643,偏
13644,微分
13645,方程式
13647,解析
13648,解
13650,数値
13651,解法
13655,有限
13656,差分
13657,法
13659,*
13661,*
13662,法
13664,逐次
13666,緩和
13668,*
13670,法
13671,*
13672,法
13674,基礎
13676,実験
13677,データ
13679,統計
13680,的
13682,解析
13683,確率
13684,過程
13686,利用
13689,数値
13690,計算
13691,法
13693,実験
13694,データ
13696,統計
13697,的
13699,解析
13700,*
13701,*
13702,*
13708,*
13709,*
13710,情報
13711,工学
13712,英語
13713,プレゼンテーション
13714,情報
13715,工学
13716,英語
13717,プレゼンテーション
13718,情報
13719,工学
13720,英語
13721,プレゼンテーション
13722,情報
13723,工学
13724,英語
13725,プレゼンテーション
13726,情報
13727,工学
13728,英語
13729,プレゼンテーション
13730,情報
13731,工学
13732,英語
13733,プレゼンテーション
13734,情報
13735,工学
13736,英語
13737,プレゼンテーション
13738,講義
13740,目的
13743,学会
13744,発表
13747,実践
13748,例
13751,英語
13753,プレゼンテーション
13755,基礎
13757,修得
13765,効果
13766,的
13768,スライド
13770,ポスター
13772,作れる
13776,英語
13778,口頭
13779,発表
13781,ポスター
13782,発表
13784,できる
13785,報告
13786,書
13787,作成
13788,報告
13789,書
13790,作成
13791,報告
13792,書
13793,作成
13794,報告
13795,書
13796,作成
13797,報告
13798,書
13799,作成
13800,口頭
13801,発表
13802,口頭
13803,発表
13804,口頭
13805,発表
13806,口頭
13807,発表
13808,口頭
13809,発表
13810,ポスター
13811,発表
13812,ポスター
13813,発表
13814,ポスター
13815,発表
13816,ポスター
13817,発表
13818,ポスター
13819,発表
13820,特に
13821,無い
13822,特に
13823,無い
13824,特に
13825,無い
13826,特に
13827,無い
13828,特に
13829,無し
13830,英語
13831,*
13833,技術
13834,英語
13835,*
13837,技術
13838,英語
13839,*
13841,実習
13842,英語
13843,*
13845,実習
13846,口頭
13847,発表
13849,技術
13850,口頭
13851,発表
13853,技術
13854,口頭
13855,発表
13857,実習
13858,口頭
13859,発表
13861,実習
13862,ポスター
13863,発表
13865,技術
13866,ポスター
13867,発表
13869,技術
13870,ポスター
13871,発表
13873,実習
13874,ポスター
13875,発表
13877,実習
13878,*
13879,*
13880,*
13886,*
13887,*
13888,システム
13889,解析
13890,システム
13891,解析
13892,システム
13893,解析
13894,システム
13895,解析
13896,システム
13897,解析
13898,システム
13899,解析
13900,システム
13901,解析
13902,動的
13903,システム
13905,解析
13907,ため
13909,必要
13911,数学
13912,的
13913,基礎
13915,講義
13918,まず
13920,数学
13921,的
13922,準備
13924,複素
13925,関数
13926,論
13928,基礎
13930,述べる
13934,フーリエ
13935,級数
13936,展開
13938,フーリエ
13939,変換
13941,ラプラス
13942,変換
13944,解説
13947,本
13948,系
13951,システム
13952,系
13953,科目
13956,必須
13958,なる
13959,システム
13960,解析
13962,数学
13963,的
13964,基礎
13966,習得
13971,講義
13973,目標
13977,具体
13978,的
13982,フーリエ
13983,級数
13984,展開
13986,フーリエ
13987,変換
13989,ラプラス
13990,変換
13992,習得
13997,動的
13998,システム
14000,解析
14002,ため
14004,基礎
14006,身
14008,つける
14010,複素
14011,関数
14012,論
14013,複素
14014,関数
14015,論
14016,複素
14017,関数
14018,論
14019,複素
14020,関数
14021,論
14022,複素
14023,関数
14024,論
14026,周波数
14027,領域
14029,周波数
14030,領域
14032,周波数
14033,領域
14035,周波数
14036,領域
14038,周波数
14039,領域
14041,フーリエ
14042,級数
14043,展開
14045,フーリエ
14046,級数
14047,展開
14049,フーリエ
14050,級数
14051,展開
14053,フーリエ
14054,級数
14055,展開
14057,フーリエ
14058,級数
14059,展開
14061,フーリエ
14062,変換
14064,フーリエ
14065,変換
14067,フーリエ
14068,変換
14070,フーリエ
14071,変換
14073,フーリエ
14074,変換
14076,ラプラス
14077,変換
14079,ラプラス
14080,変換
14082,ラプラス
14083,変換
14085,ラプラス
14086,変換
14088,ラプラス
14089,変換
14090,動的
14091,システム
14092,動的
14093,システム
14094,動的
14095,システム
14096,動的
14097,システム
14098,動的
14099,システム
14100,システム
14101,制御
14102,システム
14103,制御
14104,システム
14105,制御
14106,システム
14107,制御
14108,システム
14109,制御
14110,数値
14111,計算
14112,法
14113,数値
14114,計算
14115,法
14116,数値
14117,計算
14118,法
14119,数値
14120,計算
14121,法
14122,数値
14123,計算
14124,法
14125,問題
14126,解決
14128,意思
14129,決定
14130,問題
14131,解決
14133,意思
14134,決定
14135,問題
14136,解決
14138,意思
14139,決定
14140,問題
14141,解決
14143,意思
14144,決定
14145,問題
14146,解決
14148,意思
14149,決定
14150,講義
14151,概要
14153,複素
14154,関数
14155,論
14159,複素数
14161,複素
14162,関数
14164,性質
14166,複素
14167,関数
14168,論
14172,複素数
14174,複素
14175,関数
14177,性質
14179,複素
14180,関数
14181,論
14185,複素
14186,関数
14188,微分
14189,複素
14190,関数
14191,論
14195,複素
14196,関数
14198,積分
14200,複素
14201,関数
14202,論
14206,複素
14207,関数
14209,積分
14211,複素
14212,関数
14213,論
14217,複素
14218,関数
14220,展開
14221,フーリエ
14222,級数
14223,展開
14227,導入
14228,フーリエ
14229,級数
14230,展開
14234,例
14236,性質
14237,フーリエ
14238,変換
14242,導入
14243,フーリエ
14244,変換
14248,例
14250,性質
14252,フーリエ
14253,変換
14257,例
14259,性質
14261,ラプラス
14262,変換
14266,導入
14267,ラプラス
14268,変換
14272,例
14274,性質
14276,ラプラス
14277,変換
14281,例
14283,性質
14285,*
14286,*
14287,*
14293,*
14294,*
14295,並列
14296,プログラミング
14297,並列
14298,プログラミング
14299,並列
14300,プログラミング
14301,並列
14302,プログラミング
14303,並列
14304,プログラミング
14305,並列
14306,プログラミング
14307,並列
14308,プログラミング
14309,並列
14310,プログラミング
14312,近年
14314,計算
14315,機
14317,効果
14318,的
14320,高速
14322,演算
14325,ため
14328,必須
14330,技術
14335,講義
14337,演習
14340,並列
14341,プログラミング
14343,ため
14345,基礎
14346,知識
14348,具体
14349,的
14351,実装
14352,法
14354,習得
14357,並列
14358,プログラム
14363,並列
14364,プログラム
14367,生じる
14369,不具合
14371,起きる
14373,不具合
14376,起きる
14380,理由
14382,不具合
14384,発生
14388,ため
14390,手法
14392,講義
14395,学ぶ
14397,具体
14398,的
14400,プログラミング
14402,演習
14405,体験
14409,ため
14410,プログラミング
14412,知識
14414,事前
14416,身
14418,つける
14420,上
14422,受講
14427,使用
14428,言語
14430,主
14432,*
14436,並列
14437,プログラム
14439,正しく
14440,組み立てる
14441,ため
14444,正しい
14445,データ
14446,資源
14448,共有
14450,同期
14451,化
14453,計算
14454,資源
14455,適切
14457,分配
14459,遅延
14460,実行
14462,開始
14465,知識
14467,技術
14469,身
14471,つける
14474,目標
14478,代表
14479,的
14481,題目
14486,データ
14488,実体
14490,格納
14495,領域
14497,理解
14500,*
14503,*
14506,*
14507,プログラミング
14508,*
14509,レッド
14510,プログラミング
14511,*
14512,レッド
14513,プログラミング
14514,*
14515,レッド
14516,プログラミング
14517,*
14518,*
14519,プログラミング
14520,*
14521,プログラミング
14522,*
14523,プログラミング
14524,*
14525,プログラミング
14526,*
14527,プログラミング
14528,*
14529,プログラミング
14530,*
14531,プログラミング
14532,*
14533,プログラミング
14534,*
14535,プログラミング
14536,*
14537,プログラミング
14538,可視
14539,性
14540,可視
14541,性
14542,可視
14543,性
14544,可視
14545,性
14546,可視
14547,性
14548,同期
14549,同期
14550,同期
14551,同期
14552,同期
14553,モニタ
14554,モニタ
14555,モニタ
14556,モニタ
14557,モニタ
14558,*
14559,トミ
14560,シティ
14561,*
14562,関数
14563,型
14564,プログラミング
14565,基礎
14566,関数
14567,型
14568,プログラミング
14569,基礎
14570,関数
14571,型
14572,プログラミング
14573,基礎
14574,関数
14575,型
14576,プログラミング
14577,基礎
14578,関数
14579,型
14580,プログラミング
14581,基礎
14582,オブジェクト
14583,指向
14584,プログラミング
14585,オブジェクト
14586,指向
14587,プログラミング
14588,オブジェクト
14589,指向
14590,プログラミング
14591,オブジェクト
14592,指向
14593,プログラミング
14594,オブジェクト
14595,指向
14596,プログラミング
14597,システム
14598,プログラミング
14599,システム
14600,プログラミング
14601,システム
14602,プログラミング
14603,システム
14604,プログラミング
14605,システム
14606,プログラミング
14607,コンピュータアーキテクチャ
14608,コンピュータアーキテクチャ
14609,コンピュータアーキテクチャ
14610,コンピュータアーキテクチャ
14611,コンピュータアーキテクチャ
14612,導入
14614,イベント
14615,駆動
14616,*
14618,*
14620,イベント
14622,イベント
14623,ハンドラ
14624,演習
14626,*
14628,*
14629,*
14630,プログラム
14631,イベント
14632,駆動
14635,*
14637,*
14639,*
14640,転送
14641,*
14643,*
14645,*
14647,モニタ
14648,演習
14650,*
14651,プログラム
14653,*
14654,安全
14655,*
14657,*
14659,復習
14661,データ
14664,格納
14665,法
14667,共有
14670,可変
14672,同期
14673,*
14675,*
14677,浅い
14678,コピー
14680,深い
14681,コピー
14683,実体
14685,参照
14686,演習
14688,実体
14690,参照
14692,復習
14695,型
14696,性
14698,利用
14699,*
14701,*
14703,競合
14704,状態
14705,*
14707,複雑
14709,同期
14710,*
14712,*
14714,*
14716,ジョイン
14718,*
14719,*
14721,*
14723,飢餓
14724,演習
14726,並行
14727,サーバ
14728,遅延
14729,実行
14730,*
14732,*
14734,ストリーム
14735,ストリーム
14737,ラムダ
14738,式
14740,*
14741,演習
14743,ラムダ
14744,式
14746,ストリーム
14747,*
14748,プログラミング
14749,*
14750,演習
14752,*
14753,プログラミング
14755,画像
14756,処理
14757,データ
14758,並列
14759,計算
14760,演習
14762,画像
14763,処理
14764,*
14766,*
14768,総合
14769,応用
14770,プログラム
14771,*
14772,*
14773,*
14779,*
14780,*
14781,コンパイラ
14782,構成
14783,コンパイラ
14784,構成
14785,コンパイラ
14786,構成
14787,コンパイラ
14788,構成
14789,コンパイラ
14790,構成
14791,コンパイラ
14792,構成
14793,コンパイラ
14794,構成
14795,コンピュータ
14797,基本
14798,的
14800,動作
14801,原理
14803,理解
14805,ため
14808,プログラミング
14809,言語
14810,処理
14811,系
14813,うち
14815,特に
14816,コンパイラ
14818,理論
14820,テクニック
14822,学習
14826,到達
14827,目標
14829,コンパイラ
14831,理論
14833,テクニック
14835,習得
14837,到達
14838,目標
14843,テーマ
14845,字句
14846,解析
14848,構文
14849,解析
14851,文脈
14852,自由
14853,文法
14855,再帰
14856,下降
14857,構文
14858,解析
14862,構文
14863,解析
14867,構文
14868,解析
14870,意味
14871,解析
14873,コード
14874,生成
14876,最適
14877,化
14878,字句
14879,解析
14880,字句
14881,解析
14882,字句
14883,解析
14884,字句
14885,解析
14886,字句
14887,解析
14888,構文
14889,解析
14890,構文
14891,解析
14892,構文
14893,解析
14894,構文
14895,解析
14896,構文
14897,解析
14898,文脈
14899,自由
14900,文法
14901,文脈
14902,自由
14903,文法
14904,文脈
14905,自由
14906,文法
14907,文脈
14908,自由
14909,文法
14910,文脈
14911,自由
14912,文法
14913,再帰
14914,下降
14915,構文
14916,解析
14917,再帰
14918,下降
14919,構文
14920,解析
14921,再帰
14922,下降
14923,構文
14924,解析
14925,再帰
14926,下降
14927,構文
14928,解析
14929,再帰
14930,下降
14931,構文
14932,解析
14935,構文
14936,解析
14939,構文
14940,解析
14943,構文
14944,解析
14947,構文
14948,解析
14951,構文
14952,解析
14955,構文
14956,解析
14959,構文
14960,解析
14963,構文
14964,解析
14967,構文
14968,解析
14971,構文
14972,解析
14973,意味
14974,解析
14975,意味
14976,解析
14977,意味
14978,解析
14979,意味
14980,解析
14981,意味
14982,解析
14983,コード
14984,生成
14985,コード
14986,生成
14987,コード
14988,生成
14989,コード
14990,生成
14991,コード
14992,生成
14993,最適
14994,化
14995,最適
14996,化
14997,最適
14998,化
14999,最適
15000,化
15001,最適
15002,化
15003,アセンブリ
15004,言語
15005,アセンブリ
15006,言語
15007,アセンブリ
15008,言語
15009,アセンブリ
15010,言語
15011,アセンブリ
15012,言語
15013,手続き
15014,型
15015,プログラミング
15016,基礎
15017,手続き
15018,型
15019,プログラミング
15020,基礎
15021,手続き
15022,型
15023,プログラミング
15024,基礎
15025,手続き
15026,型
15027,プログラミング
15028,基礎
15029,手続き
15030,型
15031,プログラミング
15032,基礎
15033,手続き
15034,型
15035,プログラミング
15036,発展
15037,手続き
15038,型
15039,プログラミング
15040,発展
15041,手続き
15042,型
15043,プログラミング
15044,発展
15045,手続き
15046,型
15047,プログラミング
15048,発展
15049,手続き
15050,型
15051,プログラミング
15052,発展
15053,イントロダクション
15054,イントロダクション
15055,字句
15056,解析
15058,正規
15059,表現
15063,字句
15064,解析
15066,正規
15067,表現
15071,字句
15072,解析
15074,正規
15075,表現
15079,字句
15080,解析
15082,正規
15083,表現
15087,構文
15088,解析
15090,文脈
15091,自由
15092,文法
15097,*
15099,抽象
15100,構文
15101,木
15103,*
15105,構文
15106,解析
15108,文脈
15109,自由
15110,文法
15115,*
15117,抽象
15118,構文
15119,木
15121,*
15123,構文
15124,解析
15126,文脈
15127,自由
15128,文法
15133,再帰
15134,下降
15135,構文
15136,解析
15140,構文
15141,解析
15142,構文
15143,解析
15145,文脈
15146,自由
15147,文法
15152,再帰
15153,下降
15154,構文
15155,解析
15159,構文
15160,解析
15161,中間
15162,テスト
15163,中間
15164,テスト
15165,構文
15166,解析
15168,文脈
15169,自由
15170,文法
15177,構文
15178,解析
15179,構文
15180,解析
15182,文脈
15183,自由
15184,文法
15191,構文
15192,解析
15193,構文
15194,解析
15196,文脈
15197,自由
15198,文法
15203,*
15205,*
15206,*
15207,*
15209,構文
15210,解析
15212,文脈
15213,自由
15214,文法
15219,*
15221,*
15222,*
15223,*
15225,意味
15226,解析
15231,記号
15232,表
15234,スコープ
15235,意味
15236,解析
15241,記号
15242,表
15244,スコープ
15245,意味
15246,解析
15251,型
15252,検査
15253,意味
15254,解析
15259,型
15260,検査
15261,コード
15262,生成
15267,制御
15268,構文
15269,コード
15270,生成
15275,制御
15276,構文
15277,コード
15278,生成
15283,定数
15285,変数
15288,コード
15289,生成
15294,定数
15296,変数
15299,コード
15300,生成
15305,関数
15306,呼び出し
15308,*
15309,生成
15314,関数
15315,呼び出し
15317,*
15318,最適
15319,化
15320,コード
15321,最適
15322,化
15323,*
15324,*
15325,*
15331,*
15332,*
15333,システム
15334,設計
15335,演習
15336,システム
15337,設計
15338,演習
15339,システム
15340,設計
15341,演習
15342,システム
15343,設計
15344,演習
15345,システム
15346,設計
15347,演習
15348,システム
15349,設計
15350,演習
15351,システム
15352,設計
15353,演習
15354,*
15355,*
15356,*
15362,*
15363,*
15364,問題
15365,解決
15367,意思
15368,決定
15369,問題
15370,解決
15372,意思
15373,決定
15374,問題
15375,解決
15377,意思
15378,決定
15379,問題
15380,解決
15382,意思
15383,決定
15384,問題
15385,解決
15387,意思
15388,決定
15389,問題
15390,解決
15392,意思
15393,決定
15394,問題
15395,解決
15397,意思
15398,決定
15399,*
15400,*
15401,*
15407,*
15408,*
15409,生命
15410,情報
15411,解析
15412,生命
15413,情報
15414,解析
15415,生命
15416,情報
15417,解析
15418,生命
15419,情報
15420,解析
15421,生命
15422,情報
15423,解析
15424,生命
15425,情報
15426,解析
15427,生命
15428,情報
15429,解析
15431,講義
15435,爆発
15436,的
15438,増加
15441,ある
15442,遺伝子
15443,配列
15445,タンパク質
15446,構造
15449,生命
15450,情報
15453,コンピュータ
15456,データ
15458,表現
15460,交換
15462,ため
15464,様々
15466,手法
15470,データ
15472,用いる
15474,比較
15475,解析
15477,知識
15478,抽出
15481,アルゴリズム
15483,基礎
15484,的
15486,例
15488,取り扱う
15490,動的
15491,計画
15492,法
15494,基づく
15498,配列
15499,間
15501,最適
15502,*
15504,問題
15506,スタート
15509,データベース
15511,大量
15512,検索
15514,場合
15516,用いる
15517,高速
15518,化
15519,手法
15522,説明
15526,多く
15528,配列
15529,間
15531,関係
15533,同時に
15534,考慮
15536,多重
15537,*
15539,系統
15540,樹
15541,推定
15545,厳密
15546,解法
15549,本数
15551,増加
15553,指数
15554,関数
15555,的
15557,計算
15558,量
15560,必要
15562,なる
15565,各種
15567,近似
15568,解法
15570,重要
15575,説明
15578,後半
15582,生物
15584,細胞
15585,システム
15586,内
15588,さまざま
15590,挙動
15592,システム
15593,的
15595,捉える
15596,見方
15598,紹介
15601,アナログ
15603,デジタル
15604,シミュレーション
15606,基本
15607,的
15610,手法
15612,紹介
15616,講義
15620,生物
15621,学
15623,生化学
15625,事前
15626,知識
15628,一切
15629,仮定
15635,最小限
15637,入門
15638,的
15640,知識
15642,与える
15644,上
15647,アルゴリズム
15649,計算
15650,量
15652,情報
15653,工学
15654,的
15656,観点
15658,考察
15662,生命
15663,科学
15665,急速
15667,発展
15669,ともなう
15671,生物
15672,学
15674,医学
15676,薬学
15677,等
15679,分野
15684,種類
15687,均質
15689,データ
15691,大量
15693,得る
15696,ある
15698,生命
15699,情報
15701,コンピュータ
15702,解析
15706,世紀
15708,人々
15710,暮らし
15712,向上
15714,きわめて
15715,重要
15719,情報
15720,工学
15721,者
15724,基盤
15725,的
15727,理解
15729,身に付ける
15735,学ぶ
15736,手法
15739,生命
15740,情報
15742,なる
15745,世界
15747,多様
15749,データ
15751,解析
15753,知識
15754,抽出
15756,適用
15757,可能
15760,ため
15762,情報
15763,工学
15765,学ぶ
15766,手法
15769,世界
15772,応用
15778,例示
15780,理解
15782,進める
15783,効果
15785,狙う
15791,講義
15793,履修
15797,次
15799,能力
15801,修得
15806,配列
15807,データ
15809,表現
15811,各種
15813,モデル
15815,正規
15816,表現
15818,プロファイル
15819,行列
15821,隠れ
15822,マルコフ
15823,モデル
15826,説明
15827,できる
15830,動的
15831,計画
15832,法
15834,アルゴリズム
15836,説明
15837,できる
15841,用いる
15843,複数
15846,応用
15848,説明
15849,できる
15852,多重
15853,*
15855,進化
15856,系統
15857,樹
15858,推定
15861,近似
15862,解法
15864,重要
15869,計算
15870,量
15872,観点
15874,説明
15875,できる
15878,配列
15879,データベース
15882,同性
15883,検索
15886,値
15889,値
15891,意味
15893,説明
15894,できる
15896,値
15898,求める
15901,できる
15905,規模
15907,データベース
15910,同性
15911,検索
15913,高速
15914,化
15915,手法
15917,説明
15918,できる
15921,細胞
15922,内
15926,反応
15928,システム
15929,的
15931,捉える
15932,ため
15934,微分
15935,方程式
15936,等
15938,使う
15940,アナログ
15941,シミュレーション
15944,デジタル
15945,シミュレーション
15947,基本
15948,的
15949,手法
15951,説明
15952,できる
15953,生命
15954,情報
15955,生命
15956,情報
15957,生命
15958,情報
15959,生命
15960,情報
15961,生命
15962,情報
15963,配列
15964,解析
15965,配列
15966,解析
15967,配列
15968,解析
15969,配列
15970,解析
15971,配列
15972,解析
15973,動的
15974,計画
15975,法
15976,動的
15977,計画
15978,法
15979,動的
15980,計画
15981,法
15982,動的
15983,計画
15984,法
15985,動的
15986,計画
15987,法
15988,隠れ
15989,マルコフ
15990,モデル
15991,隠れ
15992,マルコフ
15993,モデル
15994,隠れ
15995,マルコフ
15996,モデル
15997,隠れ
15998,マルコフ
15999,モデル
16000,隠れ
16001,マルコフ
16002,モデル
16003,アナログ
16005,シミュレーション
16006,アナログ
16008,シミュレーション
16009,アナログ
16011,シミュレーション
16012,アナログ
16014,シミュレーション
16015,アナログ
16017,シミュレーション
16018,デジタル
16020,シミュレーション
16021,デジタル
16023,シミュレーション
16024,デジタル
16026,シミュレーション
16027,デジタル
16029,*
16030,特に
16031,ない
16032,特に
16033,ない
16034,特に
16035,ない
16036,特に
16037,ない
16038,特に
16039,ない
16040,配列
16041,*
16042,*
16044,*
16047,*
16048,経路
16049,探索
16050,問題
16052,動的
16053,計画
16054,法
16056,大域
16057,的
16058,配列
16059,*
16061,局所
16062,的
16063,配列
16064,*
16065,動的
16066,計画
16067,法
16069,大域
16070,的
16072,局所
16073,的
16074,配列
16075,*
16077,計算
16078,多重
16079,配列
16080,*
16081,*
16083,*
16086,*
16087,多重
16088,*
16090,計算
16091,量
16093,ヒューリスティック
16095,手法
16096,スター
16097,法
16099,ツリー
16100,ベース
16101,法
16103,多重
16104,配列
16105,*
16107,計算
16108,進化
16109,系統
16110,樹
16111,推定
16112,*
16114,*
16117,*
16118,距離
16119,行列
16120,法
16122,形質
16123,状態
16124,法
16126,系統
16127,樹
16129,確か
16132,*
16133,法
16135,*
16136,法
16138,進化
16139,系統
16140,樹
16142,計算
16143,データベース
16147,同性
16148,検索
16149,*
16151,*
16154,*
16155,アミノ酸
16156,置換
16157,行列
16159,ヒット
16161,有意
16162,性
16165,値
16167,ビット
16168,スコア
16171,値
16172,データベース
16173,検索
16175,ヒット
16178,値
16181,値
16183,計算
16184,*
16187,同性
16188,検索
16190,高速
16191,化
16192,*
16194,*
16197,*
16198,*
16200,*
16202,*
16203,*
16205,*
16206,探索
16207,表
16209,部分
16210,文字
16211,列
16213,高速
16214,検索
16215,モチーフ
16217,表現
16219,抽出
16220,*
16222,*
16225,*
16226,正規
16227,表現
16229,プロファイル
16230,行列
16232,隠れ
16233,*
16234,配列
16236,各種
16237,モデル
16239,表現
16240,法
16242,理解
16243,タンパク質
16245,構造
16246,解析
16247,*
16249,*
16252,*
16255,構造
16259,構造
16261,分子
16262,シミュレーション
16263,タンパク質
16267,構造
16271,構造
16273,解析
16274,手法
16276,理解
16277,細胞
16278,システム
16280,アナログ
16282,シミュレーション
16289,示す
16290,細胞
16291,システム
16293,アナログ
16295,シミュレーション
16299,細胞
16300,システム
16302,アナログ
16304,シミュレーション
16308,細胞
16309,システム
16311,デジタル
16313,シミュレーション
16317,細胞
16318,システム
16320,デジタル
16322,シミュレーション
16326,細胞
16327,システム
16329,デジタル
16331,シミュレーション
16335,生命
16336,シミュレーション
16338,発展
16339,的
16340,話題
16341,*
16342,*
16343,*
16349,*
16350,*
16351,システム
16352,構築
16353,演習
16354,システム
16355,構築
16356,演習
16357,システム
16358,構築
16359,演習
16360,システム
16361,構築
16362,演習
16363,システム
16364,構築
16365,演習
16366,システム
16367,構築
16368,演習
16369,システム
16370,構築
16371,演習
16372,*
16373,*
16374,*
16380,*
16381,*
16382,チーム
16383,開発
16384,集中
16385,演習
16386,基礎
16387,チーム
16388,開発
16389,集中
16390,演習
16391,基礎
16392,チーム
16393,開発
16394,集中
16395,演習
16396,基礎
16397,チーム
16398,開発
16399,集中
16400,演習
16401,基礎
16402,チーム
16403,開発
16404,集中
16405,演習
16406,基礎
16407,チーム
16408,開発
16409,集中
16410,演習
16411,基礎
16412,チーム
16413,開発
16414,集中
16415,演習
16416,基礎
16417,*
16418,*
16419,*
16425,*
16426,*
16427,オブジェクト
16428,指向
16429,設計
16430,オブジェクト
16431,指向
16432,設計
16433,オブジェクト
16434,指向
16435,設計
16436,オブジェクト
16437,指向
16438,設計
16439,オブジェクト
16440,指向
16441,設計
16442,オブジェクト
16443,指向
16444,設計
16445,オブジェクト
16446,指向
16447,設計
16449,ねらい
16451,オブジェクト
16452,指向
16454,要求
16455,分析
16457,設計
16458,技術
16460,実践
16461,力
16463,習得
16467,目的
16472,概要
16474,オブジェクト
16475,指向
16476,設計
16477,法
16479,デザイン
16480,パターン
16482,用いる
16485,ソフトウェア
16486,設計
16488,構築
16490,やり方
16492,実習
16494,習得
16499,実例
16501,有用
16502,性
16504,学習
16507,ユース
16508,ケース
16509,法
16512,要求
16513,分析
16516,クラス
16517,図
16518,作成
16520,実装
16522,テスト
16524,一連
16526,ソフトウェア
16527,開発
16529,行える
16530,技能
16532,身
16534,つける
16536,オブジェクト
16537,指向
16538,設計
16539,オブジェクト
16540,指向
16541,設計
16542,オブジェクト
16543,指向
16544,設計
16545,オブジェクト
16546,指向
16547,設計
16548,オブジェクト
16549,指向
16550,設計
16551,クラス
16552,図
16553,クラス
16554,図
16555,クラス
16556,図
16557,クラス
16558,図
16559,クラス
16560,図
16561,ユース
16562,ケース
16563,法
16564,ユース
16565,ケース
16566,法
16567,ユース
16568,ケース
16569,法
16570,ユース
16571,ケース
16572,法
16573,ユース
16574,ケース
16575,法
16576,デザイン
16577,パターン
16578,デザイン
16579,パターン
16580,デザイン
16581,パターン
16582,デザイン
16583,パターン
16584,デザイン
16585,パターン
16586,テスト
16587,テスト
16588,テスト
16589,テスト
16590,テスト
16591,*
16592,トリック
16593,*
16594,トリック
16595,*
16596,トリック
16597,*
16598,トリック
16599,*
16600,トリック
16601,スリ
16602,ファクタ
16603,リング
16604,リ
16605,ファクタ
16606,リング
16607,*
16618,*
16619,オブジェクト
16620,指向
16621,プログラミング
16622,オブジェクト
16623,指向
16624,プログラミング
16625,オブジェクト
16626,指向
16627,プログラミング
16628,オブジェクト
16629,指向
16630,プログラミング
16631,オブジェクト
16632,指向
16633,プログラミング
16634,ソフトウェア
16635,開発
16636,プロセス
16637,概説
16639,*
16640,復習
16641,*
16644,プログラミング
16645,拡張
16646,性
16648,高い
16649,設計
16650,スーパー
16651,クラス
16653,使う
16655,設計
16657,独立
16658,性
16660,理解
16661,クラス
16662,図
16663,クラス
16664,図
16666,書く
16667,ツール
16669,使う
16671,クラス
16672,図
16673,作成
16675,実習
16677,*
16679,使う
16681,クラス
16682,図
16684,作成
16685,単体テスト
16686,*
16688,使う
16690,*
16692,活用
16693,法
16695,理解
16696,オブジェクト
16697,指向
16698,設計
16700,特徴
16701,データ
16702,抽象
16704,*
16706,抽象
16707,クラス
16709,理解
16711,デザイン
16712,パターン
16714,基本
16715,的
16717,考え方
16719,理解
16720,デザイン
16721,パターン
16725,構造
16727,振る舞い
16729,デザイン
16730,パターン
16732,使いこなす
16733,デザイン
16734,パターン
16738,生成
16740,デザイン
16741,パターン
16743,使いこなす
16744,設計
16746,改善
16748,*
16750,理解
16752,実践
16753,設計
16755,改善
16757,*
16759,理解
16761,実践
16762,要求
16763,分析
16764,序論
16766,ユース
16767,ケース
16768,法
16769,要求
16770,分析
16772,重要
16773,性
16775,理解
16777,ユース
16778,ケース
16779,図
16781,ユース
16782,ケース
16783,記述
16785,書ける
16786,要求
16787,仕様
16790,クラス
16791,図
16792,導出
16793,ユース
16794,ケース
16795,法
16797,*
16798,法
16800,理解
16802,*
16803,法
16805,クラス
16806,図
16808,導出
16810,実習
16812,*
16813,法
16815,使いこなせる
16816,*
16817,序論
16818,*
16820,理解
16822,シーケンス
16823,図
16825,書ける
16826,ない
16827,ない
16828,*
